insert into dealer(name, phone_number, email) values('Timokha', '+1-423-5634500', 'timokha@gmail.com');
insert into dealer(name, phone_number, email) values('Johny', '+1-978-5678900', 'johny@gmail.com');
insert into dealer(name, phone_number, email) values('Andrew', '+1-543-5678900', 'andrew@gmail.com');
insert into dealer(name, phone_number, email) values('Bob', '+1-756-5678900', 'bob@gmail.com');
insert into dealer(name, phone_number, email) values('Martin', '+1-234-5634500', 'martin@gmail.com');
insert into dealer(name, phone_number, email) values('Queen', '+1-234-5678234', 'queen@gmail.com');
insert into dealer(name, phone_number, email) values('Elizabeth', '+1-234-1328900', 'elza@gmail.com');
insert into dealer(name, phone_number, email) values('Jenipher', '+1-234-5634900', 'jenipher@gmail.com');
insert into dealer(name, phone_number, email) values('Catrin', '+1-234-3478900', 'cat@gmail.com');


insert into brand(name) values('Volkswagen');
insert into brand(name) values('Audi');
insert into brand(name) values('Lamborghini');
insert into brand(name) values('Bentley');
insert into brand(name) values('Bugatti');
insert into brand(name) values('Skoda');
insert into brand(name) values('SEAT');


insert into model(brand_id, name) values(1, 'Taos');
insert into model(brand_id, name) values(1, 'Polo');
insert into model(brand_id, name) values(1, 'Passat');
insert into model(brand_id, name) values(1, 'Tiguan');
insert into model(brand_id, name) values(1, 'Amarok');
insert into model(brand_id, name) values(1, 'Iltis');
insert into model(brand_id, name) values(1, 'Jetta');
insert into model(brand_id, name) values(1, 'Scirocco');
insert into model(brand_id, name) values(1, 'Gol');
insert into model(brand_id, name) values(1, 'Golf');
insert into model(brand_id, name) values(1, 'Sharan');

insert into model(brand_id, name) values(2, 'S1');
insert into model(brand_id, name) values(2, 'TTS');
insert into model(brand_id, name) values(2, 'RS4');
insert into model(brand_id, name) values(2, 'SQ5');
insert into model(brand_id, name) values(2, 'S8');
insert into model(brand_id, name) values(2, 'A1');
insert into model(brand_id, name) values(2, 'S6');
insert into model(brand_id, name) values(2, 'A8');
insert into model(brand_id, name) values(2, 'Q7');
insert into model(brand_id, name) values(2, 'A6');

insert into model(brand_id, name) values(3, 'Reventón');
insert into model(brand_id, name) values(3, 'Aventador');
insert into model(brand_id, name) values(3, 'Veneno');
insert into model(brand_id, name) values(3, 'Huracán');
insert into model(brand_id, name) values(3, 'Centenario');
insert into model(brand_id, name) values(3, 'Urus');
insert into model(brand_id, name) values(3, 'Gallardo');
insert into model(brand_id, name) values(3, 'Asterion');
insert into model(brand_id, name) values(3, 'Marzal');
insert into model(brand_id, name) values(3, 'Estoque');

insert into model(brand_id, name) values(4, 'Azure');
insert into model(brand_id, name) values(4, 'Mulsanne');
insert into model(brand_id, name) values(4, 'Bentayga');
insert into model(brand_id, name) values(4, 'Zagato');
insert into model(brand_id, name) values(4, 'Dominator');
insert into model(brand_id, name) values(4, 'CONTINENTAL');
insert into model(brand_id, name) values(4, 'ArnageT');
insert into model(brand_id, name) values(4, 'SPUR');
insert into model(brand_id, name) values(4, 'SUPERSPORTS');

insert into model(brand_id, name) values(5, 'Veyron');
insert into model(brand_id, name) values(5, 'Chiron');
insert into model(brand_id, name) values(5, 'Divo');
insert into model(brand_id, name) values(5, 'Centodieci');
insert into model(brand_id, name) values(5, 'VisionGranTurismo');
insert into model(brand_id, name) values(5, 'EB110');
insert into model(brand_id, name) values(5, 'Galibier');
insert into model(brand_id, name) values(5, 'EB118');
insert into model(brand_id, name) values(5, 'EB112');
insert into model(brand_id, name) values(5, 'LaVoitureNoire');

insert into model(brand_id, name) values(6, 'Citigo');
insert into model(brand_id, name) values(6, 'Fabia');
insert into model(brand_id, name) values(6, 'Rapid');
insert into model(brand_id, name) values(6, 'Scala');
insert into model(brand_id, name) values(6, 'Octavia');
insert into model(brand_id, name) values(6, 'Superb');
insert into model(brand_id, name) values(6, 'Kamiq');
insert into model(brand_id, name) values(6, 'Karoq');
insert into model(brand_id, name) values(6, 'Kodiaq');

insert into model(brand_id, name) values(7, 'Ateca');
insert into model(brand_id, name) values(7, 'Arona');
insert into model(brand_id, name) values(7, 'Alhambra');
insert into model(brand_id, name) values(7, 'Ibiza');
insert into model(brand_id, name) values(7, 'León');
insert into model(brand_id, name) values(7, 'Mii');
insert into model(brand_id, name) values(7, 'Toledo');
insert into model(brand_id, name) values(7, 'Arosa');
insert into model(brand_id, name) values(7, 'Fura');
insert into model(brand_id, name) values(7, 'Cordoba');
insert into model(brand_id, name) values(7, 'Inca');
insert into model(brand_id, name) values(7, 'Panda');


insert into body_style(model_id, name) values(10, 'Sedan');
insert into body_style(model_id, name) values(14, 'Hatchback');
insert into body_style(model_id, name) values(13, 'Liftback');
insert into body_style(model_id, name) values(12, 'Sedan');
insert into body_style(model_id, name) values(15, 'Crossover');
insert into body_style(model_id, name) values(11, 'Wagon');
insert into body_style(model_id, name) values(19, 'Limousine');
insert into body_style(model_id, name) values(9, 'Hatchback');
insert into body_style(model_id, name) values(8, 'Liftback');
insert into body_style(model_id, name) values(1, 'Wagon');
insert into body_style(model_id, name) values(5, 'Sedan');
insert into body_style(model_id, name) values(6, 'Hatchback');
insert into body_style(model_id, name) values(2, 'Crossover');
insert into body_style(model_id, name) values(3, 'Limousine');
insert into body_style(model_id, name) values(4, 'Hatchback');
insert into body_style(model_id, name) values(7, 'Limousine');
insert into body_style(model_id, name) values(16, 'Сonvertible');
insert into body_style(model_id, name) values(18, 'Wagon');
insert into body_style(model_id, name) values(20, 'Sedan');
insert into body_style(model_id, name) values(17, 'Liftback');
insert into body_style(model_id, name) values(30, 'Limousine');
insert into body_style(model_id, name) values(21, 'Hatchback');
insert into body_style(model_id, name) values(25, 'Crossover');
insert into body_style(model_id, name) values(37, 'Wagon');
insert into body_style(model_id, name) values(22, 'Coupe');
insert into body_style(model_id, name) values(28, 'Hatchback');
insert into body_style(model_id, name) values(27, 'Limousine');
insert into body_style(model_id, name) values(24, 'Liftback');
insert into body_style(model_id, name) values(26, 'Pickup');
insert into body_style(model_id, name) values(23, 'Wagon');
insert into body_style(model_id, name) values(29, 'Sedan');
insert into body_style(model_id, name) values(36, 'Coupe');
insert into body_style(model_id, name) values(31, 'Hatchback');
insert into body_style(model_id, name) values(40, 'Limousine');
insert into body_style(model_id, name) values(33, 'Liftback');
insert into body_style(model_id, name) values(35, 'Wagon');
insert into body_style(model_id, name) values(49, 'Sedan');
insert into body_style(model_id, name) values(32, 'Coupe');
insert into body_style(model_id, name) values(39, 'Coupe');
insert into body_style(model_id, name) values(34, 'Limousine');
insert into body_style(model_id, name) values(45, 'Hatchback');
insert into body_style(model_id, name) values(41, 'Сonvertible');
insert into body_style(model_id, name) values(38, 'Limousine');
insert into body_style(model_id, name) values(42, 'Sedan');
insert into body_style(model_id, name) values(48, 'Wagon');
insert into body_style(model_id, name) values(47, 'Coupe');
insert into body_style(model_id, name) values(44, 'Crossover');
insert into body_style(model_id, name) values(43, 'Hatchback');
insert into body_style(model_id, name) values(46, 'Coupe');
insert into body_style(model_id, name) values(50, 'Wagon');
insert into body_style(model_id, name) values(60, 'Sedan');
insert into body_style(model_id, name) values(55, 'Сonvertible');
insert into body_style(model_id, name) values(51, 'Limousine');
insert into body_style(model_id, name) values(59, 'Hatchback');
insert into body_style(model_id, name) values(57, 'Pickup');
insert into body_style(model_id, name) values(54, 'Crossover');
insert into body_style(model_id, name) values(52, 'Wagon');
insert into body_style(model_id, name) values(53, 'Hatchback');
insert into body_style(model_id, name) values(56, 'Сonvertible');
insert into body_style(model_id, name) values(58, 'Sedan');
insert into body_style(model_id, name) values(61, 'Coupe');
insert into body_style(model_id, name) values(69, 'Wagon');
insert into body_style(model_id, name) values(66, 'Сonvertible');
insert into body_style(model_id, name) values(68, 'Sedan');
insert into body_style(model_id, name) values(62, 'Сonvertible');
insert into body_style(model_id, name) values(63, 'Coupe');
insert into body_style(model_id, name) values(64, 'Wagon');
insert into body_style(model_id, name) values(65, 'Coupe');
insert into body_style(model_id, name) values(67, 'Sedan');
insert into body_style(model_id, name) values(71, 'Pickup');
insert into body_style(model_id, name) values(70, 'Сonvertible');
insert into body_style(model_id, name) values(12, 'Wagon');
insert into body_style(model_id, name) values(41, 'Coupe');
insert into body_style(model_id, name) values(65, 'Wagon');
insert into body_style(model_id, name) values(1, 'Sedan');
insert into body_style(model_id, name) values(56, 'Сonvertible');


insert into color_type(type) values('Scarlet');
insert into color_type(type) values('Beige');
insert into color_type(type) values('White');
insert into color_type(type) values('Brown');
insert into color_type(type) values('Yellow');
insert into color_type(type) values('Blue');
insert into color_type(type) values('Red');
insert into color_type(type) values('Orange');
insert into color_type(type) values('Pink');
insert into color_type(type) values('Gray');
insert into color_type(type) values('Blue');
insert into color_type(type) values('Black');


insert into transmission_type(type) values('mechanical');
insert into transmission_type(type) values('hydromechanical');
insert into transmission_type(type) values('hydrostatic');
insert into transmission_type(type) values('hydraulic');
insert into transmission_type(type) values('electromechanical');


insert into engine_type(tact, work_volume_cubic_cm, number_of_valves, cooling_system) values('2T', 3600, 8, 'air');
insert into engine_type(tact, work_volume_cubic_cm, number_of_valves, cooling_system) values('2T', 2400, 4, 'air - oil');
insert into engine_type(tact, work_volume_cubic_cm, number_of_valves, cooling_system) values('4T', 2100, 8, 'liquid');
insert into engine_type(tact, work_volume_cubic_cm, number_of_valves, cooling_system) values('2T', 2000, 6, 'air');
insert into engine_type(tact, work_volume_cubic_cm, number_of_valves, cooling_system) values('4T', 1700, 10, 'air - oil');
insert into engine_type(tact, work_volume_cubic_cm, number_of_valves, cooling_system) values('2T', 1500, 4, 'air');
insert into engine_type(tact, work_volume_cubic_cm, number_of_valves, cooling_system) values('4T', 2500, 8, 'liquid');
insert into engine_type(tact, work_volume_cubic_cm, number_of_valves, cooling_system) values('2T', 1600, 6, 'air - oil');
insert into engine_type(tact, work_volume_cubic_cm, number_of_valves, cooling_system) values('4T', 3600, 6, 'air');
insert into engine_type(tact, work_volume_cubic_cm, number_of_valves, cooling_system) values('4T', 5600, 8, 'liquid');


insert into option(transmission_id, engine_id, color_id) values(2, 4, 7);
insert into option(transmission_id, engine_id, color_id) values(1, 10, 4);
insert into option(transmission_id, engine_id, color_id) values(3, 3, 4);
insert into option(transmission_id, engine_id, color_id) values(5, 5, 8);
insert into option(transmission_id, engine_id, color_id) values(1, 9, 9);
insert into option(transmission_id, engine_id, color_id) values(5, 9, 12);
insert into option(transmission_id, engine_id, color_id) values(1, 4, 11);
insert into option(transmission_id, engine_id, color_id) values(2, 8, 10);
insert into option(transmission_id, engine_id, color_id) values(1, 9, 5);
insert into option(transmission_id, engine_id, color_id) values(5, 7, 8);
insert into option(transmission_id, engine_id, color_id) values(4, 10, 12);
insert into option(transmission_id, engine_id, color_id) values(1, 5, 10);
insert into option(transmission_id, engine_id, color_id) values(4, 9, 11);
insert into option(transmission_id, engine_id, color_id) values(1, 4, 11);
insert into option(transmission_id, engine_id, color_id) values(1, 1, 5);
insert into option(transmission_id, engine_id, color_id) values(2, 7, 2);
insert into option(transmission_id, engine_id, color_id) values(1, 2, 8);
insert into option(transmission_id, engine_id, color_id) values(3, 2, 10);
insert into option(transmission_id, engine_id, color_id) values(2, 7, 4);
insert into option(transmission_id, engine_id, color_id) values(3, 10, 7);
insert into option(transmission_id, engine_id, color_id) values(2, 3, 3);
insert into option(transmission_id, engine_id, color_id) values(3, 7, 7);
insert into option(transmission_id, engine_id, color_id) values(2, 1, 3);
insert into option(transmission_id, engine_id, color_id) values(1, 9, 8);
insert into option(transmission_id, engine_id, color_id) values(5, 7, 12);
insert into option(transmission_id, engine_id, color_id) values(3, 8, 6);
insert into option(transmission_id, engine_id, color_id) values(2, 6, 10);
insert into option(transmission_id, engine_id, color_id) values(1, 6, 4);
insert into option(transmission_id, engine_id, color_id) values(2, 10, 3);
insert into option(transmission_id, engine_id, color_id) values(4, 1, 7);
insert into option(transmission_id, engine_id, color_id) values(4, 3, 7);
insert into option(transmission_id, engine_id, color_id) values(2, 10, 9);
insert into option(transmission_id, engine_id, color_id) values(3, 6, 2);
insert into option(transmission_id, engine_id, color_id) values(1, 3, 4);
insert into option(transmission_id, engine_id, color_id) values(3, 5, 10);
insert into option(transmission_id, engine_id, color_id) values(4, 9, 9);
insert into option(transmission_id, engine_id, color_id) values(2, 4, 3);
insert into option(transmission_id, engine_id, color_id) values(3, 1, 4);
insert into option(transmission_id, engine_id, color_id) values(4, 2, 3);
insert into option(transmission_id, engine_id, color_id) values(3, 10, 6);
insert into option(transmission_id, engine_id, color_id) values(4, 7, 4);
insert into option(transmission_id, engine_id, color_id) values(2, 6, 2);
insert into option(transmission_id, engine_id, color_id) values(4, 7, 9);
insert into option(transmission_id, engine_id, color_id) values(3, 7, 1);
insert into option(transmission_id, engine_id, color_id) values(3, 2, 1);
insert into option(transmission_id, engine_id, color_id) values(3, 5, 5);
insert into option(transmission_id, engine_id, color_id) values(5, 2, 8);
insert into option(transmission_id, engine_id, color_id) values(1, 7, 3);
insert into option(transmission_id, engine_id, color_id) values(2, 6, 12);
insert into option(transmission_id, engine_id, color_id) values(3, 7, 3);
insert into option(transmission_id, engine_id, color_id) values(5, 9, 3);
insert into option(transmission_id, engine_id, color_id) values(3, 7, 2);
insert into option(transmission_id, engine_id, color_id) values(4, 7, 1);
insert into option(transmission_id, engine_id, color_id) values(2, 2, 1);
insert into option(transmission_id, engine_id, color_id) values(5, 7, 11);
insert into option(transmission_id, engine_id, color_id) values(1, 7, 7);
insert into option(transmission_id, engine_id, color_id) values(3, 1, 10);
insert into option(transmission_id, engine_id, color_id) values(4, 3, 6);
insert into option(transmission_id, engine_id, color_id) values(4, 8, 12);
insert into option(transmission_id, engine_id, color_id) values(5, 8, 2);
insert into option(transmission_id, engine_id, color_id) values(2, 4, 7);
insert into option(transmission_id, engine_id, color_id) values(3, 10, 2);
insert into option(transmission_id, engine_id, color_id) values(3, 6, 11);
insert into option(transmission_id, engine_id, color_id) values(4, 7, 5);
insert into option(transmission_id, engine_id, color_id) values(2, 6, 5);
insert into option(transmission_id, engine_id, color_id) values(5, 5, 5);
insert into option(transmission_id, engine_id, color_id) values(2, 10, 11);
insert into option(transmission_id, engine_id, color_id) values(2, 9, 4);
insert into option(transmission_id, engine_id, color_id) values(4, 1, 10);
insert into option(transmission_id, engine_id, color_id) values(4, 1, 11);
insert into option(transmission_id, engine_id, color_id) values(5, 7, 7);
insert into option(transmission_id, engine_id, color_id) values(4, 6, 3);
insert into option(transmission_id, engine_id, color_id) values(2, 8, 8);
insert into option(transmission_id, engine_id, color_id) values(5, 7, 9);
insert into option(transmission_id, engine_id, color_id) values(2, 2, 3);
insert into option(transmission_id, engine_id, color_id) values(2, 1, 4);
insert into option(transmission_id, engine_id, color_id) values(2, 4, 9);
insert into option(transmission_id, engine_id, color_id) values(3, 6, 8);
insert into option(transmission_id, engine_id, color_id) values(3, 9, 3);
insert into option(transmission_id, engine_id, color_id) values(5, 2, 4);
insert into option(transmission_id, engine_id, color_id) values(1, 3, 9);
insert into option(transmission_id, engine_id, color_id) values(5, 9, 6);
insert into option(transmission_id, engine_id, color_id) values(5, 1, 4);
insert into option(transmission_id, engine_id, color_id) values(3, 5, 6);
insert into option(transmission_id, engine_id, color_id) values(4, 1, 9);
insert into option(transmission_id, engine_id, color_id) values(5, 7, 6);
insert into option(transmission_id, engine_id, color_id) values(2, 2, 9);
insert into option(transmission_id, engine_id, color_id) values(4, 5, 8);
insert into option(transmission_id, engine_id, color_id) values(5, 2, 7);
insert into option(transmission_id, engine_id, color_id) values(2, 4, 6);
insert into option(transmission_id, engine_id, color_id) values(2, 3, 12);
insert into option(transmission_id, engine_id, color_id) values(4, 8, 8);
insert into option(transmission_id, engine_id, color_id) values(2, 6, 12);
insert into option(transmission_id, engine_id, color_id) values(2, 2, 5);
insert into option(transmission_id, engine_id, color_id) values(3, 7, 5);
insert into option(transmission_id, engine_id, color_id) values(2, 1, 5);
insert into option(transmission_id, engine_id, color_id) values(5, 10, 6);
insert into option(transmission_id, engine_id, color_id) values(4, 8, 8);
insert into option(transmission_id, engine_id, color_id) values(4, 6, 2);


insert into vehicle(type_id, option_type) values(11, 51);
insert into vehicle(type_id, option_type) values(4, 11);
insert into vehicle(type_id, option_type) values(32, 96);
insert into vehicle(type_id, option_type) values(54, 51);
insert into vehicle(type_id, option_type) values(39, 94);
insert into vehicle(type_id, option_type) values(29, 7);
insert into vehicle(type_id, option_type) values(10, 81);
insert into vehicle(type_id, option_type) values(31, 97);
insert into vehicle(type_id, option_type) values(35, 95);
insert into vehicle(type_id, option_type) values(10, 25);
insert into vehicle(type_id, option_type) values(61, 8);
insert into vehicle(type_id, option_type) values(21, 99);
insert into vehicle(type_id, option_type) values(46, 12);
insert into vehicle(type_id, option_type) values(21, 52);
insert into vehicle(type_id, option_type) values(38, 8);
insert into vehicle(type_id, option_type) values(64, 33);
insert into vehicle(type_id, option_type) values(60, 35);
insert into vehicle(type_id, option_type) values(22, 32);
insert into vehicle(type_id, option_type) values(4, 77);
insert into vehicle(type_id, option_type) values(35, 75);
insert into vehicle(type_id, option_type) values(2, 48);
insert into vehicle(type_id, option_type) values(23, 40);
insert into vehicle(type_id, option_type) values(56, 97);
insert into vehicle(type_id, option_type) values(44, 2);
insert into vehicle(type_id, option_type) values(27, 32);
insert into vehicle(type_id, option_type) values(52, 74);
insert into vehicle(type_id, option_type) values(31, 36);
insert into vehicle(type_id, option_type) values(1, 46);
insert into vehicle(type_id, option_type) values(35, 4);
insert into vehicle(type_id, option_type) values(12, 47);
insert into vehicle(type_id, option_type) values(57, 79);
insert into vehicle(type_id, option_type) values(24, 99);
insert into vehicle(type_id, option_type) values(59, 27);
insert into vehicle(type_id, option_type) values(50, 34);
insert into vehicle(type_id, option_type) values(1, 12);
insert into vehicle(type_id, option_type) values(17, 23);
insert into vehicle(type_id, option_type) values(21, 71);
insert into vehicle(type_id, option_type) values(36, 49);
insert into vehicle(type_id, option_type) values(48, 4);
insert into vehicle(type_id, option_type) values(56, 11);
insert into vehicle(type_id, option_type) values(58, 85);
insert into vehicle(type_id, option_type) values(73, 3);
insert into vehicle(type_id, option_type) values(64, 21);
insert into vehicle(type_id, option_type) values(2, 78);
insert into vehicle(type_id, option_type) values(73, 33);
insert into vehicle(type_id, option_type) values(39, 41);
insert into vehicle(type_id, option_type) values(39, 3);
insert into vehicle(type_id, option_type) values(21, 69);
insert into vehicle(type_id, option_type) values(29, 67);
insert into vehicle(type_id, option_type) values(14, 17);
insert into vehicle(type_id, option_type) values(20, 93);
insert into vehicle(type_id, option_type) values(74, 77);
insert into vehicle(type_id, option_type) values(61, 28);
insert into vehicle(type_id, option_type) values(67, 57);
insert into vehicle(type_id, option_type) values(69, 54);
insert into vehicle(type_id, option_type) values(4, 87);
insert into vehicle(type_id, option_type) values(60, 30);
insert into vehicle(type_id, option_type) values(66, 34);
insert into vehicle(type_id, option_type) values(7, 11);
insert into vehicle(type_id, option_type) values(35, 46);
insert into vehicle(type_id, option_type) values(53, 45);
insert into vehicle(type_id, option_type) values(68, 71);
insert into vehicle(type_id, option_type) values(70, 24);
insert into vehicle(type_id, option_type) values(16, 40);
insert into vehicle(type_id, option_type) values(76, 46);
insert into vehicle(type_id, option_type) values(6, 17);
insert into vehicle(type_id, option_type) values(8, 78);
insert into vehicle(type_id, option_type) values(55, 94);
insert into vehicle(type_id, option_type) values(35, 99);
insert into vehicle(type_id, option_type) values(62, 97);
insert into vehicle(type_id, option_type) values(4, 37);
insert into vehicle(type_id, option_type) values(72, 68);
insert into vehicle(type_id, option_type) values(46, 51);
insert into vehicle(type_id, option_type) values(6, 73);
insert into vehicle(type_id, option_type) values(64, 55);
insert into vehicle(type_id, option_type) values(48, 56);
insert into vehicle(type_id, option_type) values(22, 66);
insert into vehicle(type_id, option_type) values(26, 44);
insert into vehicle(type_id, option_type) values(76, 36);
insert into vehicle(type_id, option_type) values(76, 87);
insert into vehicle(type_id, option_type) values(59, 75);
insert into vehicle(type_id, option_type) values(15, 87);
insert into vehicle(type_id, option_type) values(34, 68);
insert into vehicle(type_id, option_type) values(43, 86);
insert into vehicle(type_id, option_type) values(72, 28);
insert into vehicle(type_id, option_type) values(55, 68);
insert into vehicle(type_id, option_type) values(5, 76);
insert into vehicle(type_id, option_type) values(21, 95);
insert into vehicle(type_id, option_type) values(49, 18);
insert into vehicle(type_id, option_type) values(33, 40);


insert into customer(name, state, city, street, street_number, phone_number, gender, income) values('John','Alabama', 'Montgomery', 'street1', 1, '+4848444656', 'female', 'I am human');
insert into customer(name, state, city, street, street_number, phone_number, gender, income) values('Carl', 'Colorado', 'Denver', 'street2', 2, '+4843458446', 'male', 'Hello world');
insert into customer(name, state, city, street, street_number, phone_number, gender, income) values('Daenerys', 'Florida', 'Tallahassee', 'street3', 3, '+4893446564', 'female', 'I am Daenerys Stormborn, of House Targaryen, of the blood of Old Valyria – I am the mother of dragon.');
insert into customer(name, state, city, street, street_number, phone_number, gender, income) values('Cercei', 'Hawaii', 'Honolulu', 'street4', 2, '+4821458446', 'female', 'When you play the game of thrones, you win or you die.');
insert into customer(name, state, city, street, street_number, phone_number, gender, income) values('Eddard', 'Indiana', 'Indianapolis', 'street5', 2, '+48412458446', 'male', 'Winter is coming.');
insert into customer(name, state, city, street, street_number, phone_number, gender, income) values('Tywin', 'Kentucky', 'Frankfort', 'street6', 2, '+4846558446', 'male', 'A lion doesn’t concern itself with the opinion of sheep.');
insert into customer(name, state, city, street, street_number, phone_number, gender, income) values('Michonne', 'Michigan', 'Lansing', 'street7', 2, '+4846458446', 'female', 'The gods have no mercy, that’s why they’re gods.');
insert into customer(name, state, city, street, street_number, phone_number, gender, income) values('Missandei', 'Texas', 'Austin', 'street8', 2, '+4848758446', 'female', 'Turn us away, and we will burn you first.');
insert into customer(name, state, city, street, street_number, phone_number, gender, income) values('Aria', 'Massachusetts', 'Boston', 'street9', 2, '+4849858446', 'female', 'I will do what queens do, I will rule.');
insert into customer(name, state, city, street, street_number, phone_number, gender, income) values('Tommen', 'Nebraska', 'Lincoln', 'street10', 2, '+4812458446', 'male', 'A girl gives a man his own name?');
insert into customer(name, state, city, street, street_number, phone_number, gender, income) values('Viserys', 'Tennessee', 'Nashville', 'street11', 2, '+4851458446', 'male', 'A very small man can cast a very large shadow.');


insert into warehouse(dealer_id, state, city, street, street_number) values(9,'Tennessee', 'Nashville', 'street1', 1);
insert into warehouse(dealer_id, state, city, street, street_number) values(1, 'Texas', 'Austin', 'street2', 2);
insert into warehouse(dealer_id, state, city, street, street_number) values(4, 'Indiana', 'Hammond', 'street3', 3);
insert into warehouse(dealer_id, state, city, street, street_number) values(8, 'Hawaii', 'Honolulu', 'street4', 4);
insert into warehouse(dealer_id, state, city, street, street_number) values(7, 'Michigan', 'Lansing', 'street5', 5);
insert into warehouse(dealer_id, state, city, street, street_number) values(6, 'Michigan', 'Detroit', 'street6', 6);
insert into warehouse(dealer_id, state, city, street, street_number) values(5, 'Colorado', 'Denver', 'street7', 7);
insert into warehouse(dealer_id, state, city, street, street_number) values(3, 'Alabama', 'Montgomery', 'street8', 8);
insert into warehouse(dealer_id, state, city, street, street_number) values(2, 'Washington', 'Olympia', 'street9', 9);


insert into buy(model_id, warehouse_id, time_of_purchase) values(68, 7, '2018-10-10 00:00:00.000000');
insert into buy(model_id, warehouse_id, time_of_purchase) values(67, 4, '2016-3-18 00:00:00.000000');
insert into buy(model_id, warehouse_id, time_of_purchase) values(5, 5, '2019-3-20 00:00:00.000000');
insert into buy(model_id, warehouse_id, time_of_purchase) values(55, 1, '2015-12-24 00:00:00.000000');
insert into buy(model_id, warehouse_id, time_of_purchase) values(3, 9, '2018-12-21 00:00:00.000000');
insert into buy(model_id, warehouse_id, time_of_purchase) values(75, 6, '2018-1-7 00:00:00.000000');
insert into buy(model_id, warehouse_id, time_of_purchase) values(56, 2, '2020-10-18 00:00:00.000000');
insert into buy(model_id, warehouse_id, time_of_purchase) values(62, 8, '2019-3-5 00:00:00.000000');
insert into buy(model_id, warehouse_id, time_of_purchase) values(16, 8, '2017-4-1 00:00:00.000000');
insert into buy(model_id, warehouse_id, time_of_purchase) values(18, 4, '2016-5-18 00:00:00.000000');
insert into buy(model_id, warehouse_id, time_of_purchase) values(58, 3, '2017-10-22 00:00:00.000000');
insert into buy(model_id, warehouse_id, time_of_purchase) values(49, 3, '2017-3-2 00:00:00.000000');
insert into buy(model_id, warehouse_id, time_of_purchase) values(2, 3, '2020-6-17 00:00:00.000000');
insert into buy(model_id, warehouse_id, time_of_purchase) values(52, 2, '2016-12-14 00:00:00.000000');
insert into buy(model_id, warehouse_id, time_of_purchase) values(25, 2, '2017-9-16 00:00:00.000000');
insert into buy(model_id, warehouse_id, time_of_purchase) values(49, 8, '2016-6-19 00:00:00.000000');
insert into buy(model_id, warehouse_id, time_of_purchase) values(9, 8, '2017-7-8 00:00:00.000000');
insert into buy(model_id, warehouse_id, time_of_purchase) values(38, 7, '2017-3-5 00:00:00.000000');
insert into buy(model_id, warehouse_id, time_of_purchase) values(11, 2, '2020-1-19 00:00:00.000000');
insert into buy(model_id, warehouse_id, time_of_purchase) values(17, 1, '2019-4-8 00:00:00.000000');
insert into buy(model_id, warehouse_id, time_of_purchase) values(46, 8, '2020-5-6 00:00:00.000000');
insert into buy(model_id, warehouse_id, time_of_purchase) values(51, 5, '2016-9-25 00:00:00.000000');
insert into buy(model_id, warehouse_id, time_of_purchase) values(66, 2, '2018-12-5 00:00:00.000000');
insert into buy(model_id, warehouse_id, time_of_purchase) values(24, 6, '2020-3-27 00:00:00.000000');
insert into buy(model_id, warehouse_id, time_of_purchase) values(25, 6, '2018-3-20 00:00:00.000000');
insert into buy(model_id, warehouse_id, time_of_purchase) values(42, 3, '2017-10-13 00:00:00.000000');
insert into buy(model_id, warehouse_id, time_of_purchase) values(74, 7, '2015-2-22 00:00:00.000000');
insert into buy(model_id, warehouse_id, time_of_purchase) values(33, 2, '2015-6-24 00:00:00.000000');
insert into buy(model_id, warehouse_id, time_of_purchase) values(62, 2, '2016-11-2 00:00:00.000000');
insert into buy(model_id, warehouse_id, time_of_purchase) values(12, 9, '2020-1-17 00:00:00.000000');
insert into buy(model_id, warehouse_id, time_of_purchase) values(75, 8, '2015-6-6 00:00:00.000000');
insert into buy(model_id, warehouse_id, time_of_purchase) values(31, 4, '2020-1-20 00:00:00.000000');
insert into buy(model_id, warehouse_id, time_of_purchase) values(3, 1, '2019-6-11 00:00:00.000000');
insert into buy(model_id, warehouse_id, time_of_purchase) values(46, 8, '2019-5-1 00:00:00.000000');
insert into buy(model_id, warehouse_id, time_of_purchase) values(7, 5, '2017-1-9 00:00:00.000000');
insert into buy(model_id, warehouse_id, time_of_purchase) values(48, 6, '2017-6-19 00:00:00.000000');
insert into buy(model_id, warehouse_id, time_of_purchase) values(49, 8, '2017-2-13 00:00:00.000000');
insert into buy(model_id, warehouse_id, time_of_purchase) values(56, 2, '2017-5-17 00:00:00.000000');
insert into buy(model_id, warehouse_id, time_of_purchase) values(63, 1, '2015-5-11 00:00:00.000000');
insert into buy(model_id, warehouse_id, time_of_purchase) values(19, 8, '2019-2-25 00:00:00.000000');
insert into buy(model_id, warehouse_id, time_of_purchase) values(46, 1, '2017-8-13 00:00:00.000000');
insert into buy(model_id, warehouse_id, time_of_purchase) values(9, 2, '2016-11-15 00:00:00.000000');
insert into buy(model_id, warehouse_id, time_of_purchase) values(15, 3, '2018-4-28 00:00:00.000000');
insert into buy(model_id, warehouse_id, time_of_purchase) values(2, 1, '2016-1-16 00:00:00.000000');
insert into buy(model_id, warehouse_id, time_of_purchase) values(34, 1, '2020-5-6 00:00:00.000000');
insert into buy(model_id, warehouse_id, time_of_purchase) values(42, 4, '2015-1-30 00:00:00.000000');
insert into buy(model_id, warehouse_id, time_of_purchase) values(18, 4, '2020-3-13 00:00:00.000000');
insert into buy(model_id, warehouse_id, time_of_purchase) values(46, 5, '2016-10-21 00:00:00.000000');
insert into buy(model_id, warehouse_id, time_of_purchase) values(69, 3, '2015-7-28 00:00:00.000000');
insert into buy(model_id, warehouse_id, time_of_purchase) values(4, 5, '2017-12-5 00:00:00.000000');
insert into buy(model_id, warehouse_id, time_of_purchase) values(39, 8, '2018-2-27 00:00:00.000000');
insert into buy(model_id, warehouse_id, time_of_purchase) values(69, 6, '2015-8-27 00:00:00.000000');
insert into buy(model_id, warehouse_id, time_of_purchase) values(6, 7, '2018-8-16 00:00:00.000000');
insert into buy(model_id, warehouse_id, time_of_purchase) values(51, 3, '2019-5-29 00:00:00.000000');
insert into buy(model_id, warehouse_id, time_of_purchase) values(16, 7, '2016-10-11 00:00:00.000000');
insert into buy(model_id, warehouse_id, time_of_purchase) values(12, 4, '2017-4-20 00:00:00.000000');
insert into buy(model_id, warehouse_id, time_of_purchase) values(8, 8, '2019-6-30 00:00:00.000000');
insert into buy(model_id, warehouse_id, time_of_purchase) values(76, 4, '2020-2-20 00:00:00.000000');
insert into buy(model_id, warehouse_id, time_of_purchase) values(22, 6, '2020-9-29 00:00:00.000000');
insert into buy(model_id, warehouse_id, time_of_purchase) values(10, 7, '2019-9-28 00:00:00.000000');
insert into buy(model_id, warehouse_id, time_of_purchase) values(55, 6, '2020-10-6 00:00:00.000000');
insert into buy(model_id, warehouse_id, time_of_purchase) values(73, 9, '2017-10-10 00:00:00.000000');
insert into buy(model_id, warehouse_id, time_of_purchase) values(56, 6, '2016-8-9 00:00:00.000000');
insert into buy(model_id, warehouse_id, time_of_purchase) values(53, 5, '2019-7-5 00:00:00.000000');
insert into buy(model_id, warehouse_id, time_of_purchase) values(25, 5, '2018-1-20 00:00:00.000000');
insert into buy(model_id, warehouse_id, time_of_purchase) values(36, 1, '2019-10-28 00:00:00.000000');
insert into buy(model_id, warehouse_id, time_of_purchase) values(43, 3, '2015-3-4 00:00:00.000000');
insert into buy(model_id, warehouse_id, time_of_purchase) values(15, 7, '2018-10-1 00:00:00.000000');
insert into buy(model_id, warehouse_id, time_of_purchase) values(55, 2, '2020-9-25 00:00:00.000000');
insert into buy(model_id, warehouse_id, time_of_purchase) values(13, 9, '2017-12-24 00:00:00.000000');
insert into buy(model_id, warehouse_id, time_of_purchase) values(60, 9, '2015-6-5 00:00:00.000000');
insert into buy(model_id, warehouse_id, time_of_purchase) values(35, 3, '2015-11-30 00:00:00.000000');
insert into buy(model_id, warehouse_id, time_of_purchase) values(1, 2, '2019-12-9 00:00:00.000000');
insert into buy(model_id, warehouse_id, time_of_purchase) values(22, 8, '2016-5-14 00:00:00.000000');
insert into buy(model_id, warehouse_id, time_of_purchase) values(3, 6, '2020-11-8 00:00:00.000000');
insert into buy(model_id, warehouse_id, time_of_purchase) values(4, 3, '2016-11-30 00:00:00.000000');
insert into buy(model_id, warehouse_id, time_of_purchase) values(8, 3, '2020-1-30 00:00:00.000000');
insert into buy(model_id, warehouse_id, time_of_purchase) values(6, 9, '2016-11-22 00:00:00.000000');
insert into buy(model_id, warehouse_id, time_of_purchase) values(20, 4, '2017-7-17 00:00:00.000000');
insert into buy(model_id, warehouse_id, time_of_purchase) values(15, 3, '2016-4-6 00:00:00.000000');
insert into buy(model_id, warehouse_id, time_of_purchase) values(33, 2, '2020-9-25 00:00:00.000000');
insert into buy(model_id, warehouse_id, time_of_purchase) values(22, 3, '2017-6-9 00:00:00.000000');
insert into buy(model_id, warehouse_id, time_of_purchase) values(53, 5, '2017-2-28 00:00:00.000000');
insert into buy(model_id, warehouse_id, time_of_purchase) values(22, 2, '2020-3-20 00:00:00.000000');
insert into buy(model_id, warehouse_id, time_of_purchase) values(55, 1, '2017-4-17 00:00:00.000000');
insert into buy(model_id, warehouse_id, time_of_purchase) values(66, 4, '2020-10-24 00:00:00.000000');
insert into buy(model_id, warehouse_id, time_of_purchase) values(62, 6, '2015-9-12 00:00:00.000000');
insert into buy(model_id, warehouse_id, time_of_purchase) values(57, 9, '2019-1-26 00:00:00.000000');
insert into buy(model_id, warehouse_id, time_of_purchase) values(9, 5, '2018-10-10 00:00:00.000000');
insert into buy(model_id, warehouse_id, time_of_purchase) values(65, 2, '2019-7-7 00:00:00.000000');
insert into buy(model_id, warehouse_id, time_of_purchase) values(62, 8, '2020-6-20 00:00:00.000000');
insert into buy(model_id, warehouse_id, time_of_purchase) values(6, 5, '2015-12-6 00:00:00.000000');
insert into buy(model_id, warehouse_id, time_of_purchase) values(58, 9, '2020-6-16 00:00:00.000000');
insert into buy(model_id, warehouse_id, time_of_purchase) values(57, 5, '2019-2-5 00:00:00.000000');
insert into buy(model_id, warehouse_id, time_of_purchase) values(14, 5, '2015-5-12 00:00:00.000000');
insert into buy(model_id, warehouse_id, time_of_purchase) values(34, 5, '2017-6-4 00:00:00.000000');
insert into buy(model_id, warehouse_id, time_of_purchase) values(33, 1, '2018-12-27 00:00:00.000000');
insert into buy(model_id, warehouse_id, time_of_purchase) values(61, 6, '2016-1-17 00:00:00.000000');
insert into buy(model_id, warehouse_id, time_of_purchase) values(3, 8, '2015-8-11 00:00:00.000000');
insert into buy(model_id, warehouse_id, time_of_purchase) values(73, 3, '2020-8-13 00:00:00.000000');
insert into buy(model_id, warehouse_id, time_of_purchase) values(52, 1, '2015-10-19 00:00:00.000000');
insert into buy(model_id, warehouse_id, time_of_purchase) values(33, 8, '2016-12-9 00:00:00.000000');
insert into buy(model_id, warehouse_id, time_of_purchase) values(62, 9, '2015-7-30 00:00:00.000000');
insert into buy(model_id, warehouse_id, time_of_purchase) values(63, 5, '2016-2-19 00:00:00.000000');
insert into buy(model_id, warehouse_id, time_of_purchase) values(17, 6, '2019-1-8 00:00:00.000000');
insert into buy(model_id, warehouse_id, time_of_purchase) values(33, 8, '2019-5-8 00:00:00.000000');
insert into buy(model_id, warehouse_id, time_of_purchase) values(23, 6, '2017-1-13 00:00:00.000000');
insert into buy(model_id, warehouse_id, time_of_purchase) values(32, 1, '2020-7-28 00:00:00.000000');
insert into buy(model_id, warehouse_id, time_of_purchase) values(42, 9, '2016-8-18 00:00:00.000000');
insert into buy(model_id, warehouse_id, time_of_purchase) values(18, 9, '2017-8-3 00:00:00.000000');


insert into for_sale(warehouse_id, model_id, delivery_time, pick_up_time) values(5, 49, '2020-4-4 00:00:00.000000', '2021-11-3 00:00:00.000000');
insert into for_sale(warehouse_id, model_id, delivery_time, pick_up_time) values(2, 29, '2016-4-10 00:00:00.000000', '2021-12-8 00:00:00.000000');
insert into for_sale(warehouse_id, model_id, delivery_time, pick_up_time) values(9, 12, '2019-4-8 00:00:00.000000', '2021-11-21 00:00:00.000000');
insert into for_sale(warehouse_id, model_id, delivery_time, pick_up_time) values(1, 9, '2016-5-25 00:00:00.000000', '2021-11-24 00:00:00.000000');
insert into for_sale(warehouse_id, model_id, delivery_time, pick_up_time) values(7, 61, '2019-6-14 00:00:00.000000', '2021-11-5 00:00:00.000000');
insert into for_sale(warehouse_id, model_id, delivery_time, pick_up_time) values(4, 31, '2015-3-27 00:00:00.000000', '2021-7-23 00:00:00.000000');
insert into for_sale(warehouse_id, model_id, delivery_time, pick_up_time) values(8, 10, '2015-2-4 00:00:00.000000', '2020-6-25 00:00:00.000000');
insert into for_sale(warehouse_id, model_id, delivery_time, pick_up_time) values(9, 14, '2020-4-30 00:00:00.000000', '2021-11-3 00:00:00.000000');
insert into for_sale(warehouse_id, model_id, delivery_time, pick_up_time) values(5, 56, '2017-2-22 00:00:00.000000', '2020-9-15 00:00:00.000000');
insert into for_sale(warehouse_id, model_id, delivery_time, pick_up_time) values(7, 35, '2015-6-7 00:00:00.000000', '2020-8-7 00:00:00.000000');
insert into for_sale(warehouse_id, model_id, delivery_time, pick_up_time) values(1, 11, '2019-1-19 00:00:00.000000', '2020-7-5 00:00:00.000000');
insert into for_sale(warehouse_id, model_id, delivery_time, pick_up_time) values(9, 63, '2019-4-22 00:00:00.000000', '2020-8-16 00:00:00.000000');
insert into for_sale(warehouse_id, model_id, delivery_time, pick_up_time) values(7, 38, '2016-5-6 00:00:00.000000', '2020-9-8 00:00:00.000000');
insert into for_sale(warehouse_id, model_id, delivery_time, pick_up_time) values(9, 57, '2015-1-17 00:00:00.000000', '2020-6-21 00:00:00.000000');
insert into for_sale(warehouse_id, model_id, delivery_time, pick_up_time) values(9, 1, '2017-2-14 00:00:00.000000', '2020-7-29 00:00:00.000000');
insert into for_sale(warehouse_id, model_id, delivery_time, pick_up_time) values(9, 55, '2018-6-23 00:00:00.000000', '2021-7-19 00:00:00.000000');
insert into for_sale(warehouse_id, model_id, delivery_time, pick_up_time) values(9, 13, '2020-5-3 00:00:00.000000', '2021-12-30 00:00:00.000000');
insert into for_sale(warehouse_id, model_id, delivery_time, pick_up_time) values(5, 54, '2020-3-16 00:00:00.000000', '2020-9-18 00:00:00.000000');
insert into for_sale(warehouse_id, model_id, delivery_time, pick_up_time) values(1, 33, '2018-6-10 00:00:00.000000', '2021-8-19 00:00:00.000000');
insert into for_sale(warehouse_id, model_id, delivery_time, pick_up_time) values(3, 34, '2017-6-25 00:00:00.000000', '2021-11-3 00:00:00.000000');
insert into for_sale(warehouse_id, model_id, delivery_time, pick_up_time) values(8, 27, '2020-2-29 00:00:00.000000', '2020-8-1 00:00:00.000000');
insert into for_sale(warehouse_id, model_id, delivery_time, pick_up_time) values(1, 30, '2020-6-29 00:00:00.000000', '2020-9-8 00:00:00.000000');
insert into for_sale(warehouse_id, model_id, delivery_time, pick_up_time) values(8, 62, '2019-5-1 00:00:00.000000', '2020-10-29 00:00:00.000000');
insert into for_sale(warehouse_id, model_id, delivery_time, pick_up_time) values(1, 58, '2020-6-25 00:00:00.000000', '2021-7-28 00:00:00.000000');
insert into for_sale(warehouse_id, model_id, delivery_time, pick_up_time) values(1, 51, '2019-3-6 00:00:00.000000', '2020-8-26 00:00:00.000000');
insert into for_sale(warehouse_id, model_id, delivery_time, pick_up_time) values(9, 60, '2020-2-23 00:00:00.000000', '2020-11-24 00:00:00.000000');
insert into for_sale(warehouse_id, model_id, delivery_time, pick_up_time) values(8, 41, '2020-3-7 00:00:00.000000', '2020-6-21 00:00:00.000000');
insert into for_sale(warehouse_id, model_id, delivery_time, pick_up_time) values(8, 28, '2018-4-23 00:00:00.000000', '2020-8-28 00:00:00.000000');
insert into for_sale(warehouse_id, model_id, delivery_time, pick_up_time) values(8, 36, '2017-5-29 00:00:00.000000', '2021-8-18 00:00:00.000000');
insert into for_sale(warehouse_id, model_id, delivery_time, pick_up_time) values(9, 8, '2017-1-28 00:00:00.000000', '2021-6-3 00:00:00.000000');
insert into for_sale(warehouse_id, model_id, delivery_time, pick_up_time) values(1, 6, '2019-3-12 00:00:00.000000', '2021-9-25 00:00:00.000000');
insert into for_sale(warehouse_id, model_id, delivery_time, pick_up_time) values(3, 50, '2020-6-12 00:00:00.000000', '2021-7-24 00:00:00.000000');
insert into for_sale(warehouse_id, model_id, delivery_time, pick_up_time) values(3, 24, '2015-5-10 00:00:00.000000', '2021-10-29 00:00:00.000000');
insert into for_sale(warehouse_id, model_id, delivery_time, pick_up_time) values(1, 4, '2017-3-6 00:00:00.000000', '2021-6-11 00:00:00.000000');
insert into for_sale(warehouse_id, model_id, delivery_time, pick_up_time) values(5, 3, '2016-3-26 00:00:00.000000', '2020-10-17 00:00:00.000000');
insert into for_sale(warehouse_id, model_id, delivery_time, pick_up_time) values(3, 15, '2019-3-30 00:00:00.000000', '2020-10-2 00:00:00.000000');
insert into for_sale(warehouse_id, model_id, delivery_time, pick_up_time) values(3, 59, '2015-4-1 00:00:00.000000', '2020-11-30 00:00:00.000000');
insert into for_sale(warehouse_id, model_id, delivery_time, pick_up_time) values(2, 37, '2015-4-1 00:00:00.000000', '2021-6-27 00:00:00.000000');
insert into for_sale(warehouse_id, model_id, delivery_time, pick_up_time) values(3, 42, '2020-4-23 00:00:00.000000', '2021-11-11 00:00:00.000000');
insert into for_sale(warehouse_id, model_id, delivery_time, pick_up_time) values(8, 22, '2018-6-2 00:00:00.000000', '2021-8-9 00:00:00.000000');
insert into for_sale(warehouse_id, model_id, delivery_time, pick_up_time) values(2, 32, '2016-1-19 00:00:00.000000', '2020-8-14 00:00:00.000000');
insert into for_sale(warehouse_id, model_id, delivery_time, pick_up_time) values(6, 2, '2019-5-11 00:00:00.000000', '2021-7-14 00:00:00.000000');
insert into for_sale(warehouse_id, model_id, delivery_time, pick_up_time) values(5, 23, '2020-3-8 00:00:00.000000', '2021-11-20 00:00:00.000000');
insert into for_sale(warehouse_id, model_id, delivery_time, pick_up_time) values(8, 16, '2016-6-17 00:00:00.000000', '2021-6-6 00:00:00.000000');
insert into for_sale(warehouse_id, model_id, delivery_time, pick_up_time) values(6, 25, '2018-3-29 00:00:00.000000', '2020-12-4 00:00:00.000000');
insert into for_sale(warehouse_id, model_id, delivery_time, pick_up_time) values(6, 18, '2015-4-8 00:00:00.000000', '2021-7-18 00:00:00.000000');
insert into for_sale(warehouse_id, model_id, delivery_time, pick_up_time) values(9, 53, '2015-2-1 00:00:00.000000', '2020-8-30 00:00:00.000000');
insert into for_sale(warehouse_id, model_id, delivery_time, pick_up_time) values(7, 5, '2015-2-3 00:00:00.000000', '2020-9-16 00:00:00.000000');
insert into for_sale(warehouse_id, model_id, delivery_time, pick_up_time) values(7, 48, '2018-3-17 00:00:00.000000', '2020-6-10 00:00:00.000000');
insert into for_sale(warehouse_id, model_id, delivery_time, pick_up_time) values(6, 17, '2015-1-26 00:00:00.000000', '2021-6-2 00:00:00.000000');
insert into for_sale(warehouse_id, model_id, delivery_time, pick_up_time) values(3, 19, '2016-1-25 00:00:00.000000', '2020-8-18 00:00:00.000000');
insert into for_sale(warehouse_id, model_id, delivery_time, pick_up_time) values(8, 20, '2018-6-27 00:00:00.000000', '2020-11-13 00:00:00.000000');
insert into for_sale(warehouse_id, model_id, delivery_time, pick_up_time) values(7, 21, '2017-5-12 00:00:00.000000', '2021-7-21 00:00:00.000000');
insert into for_sale(warehouse_id, model_id, delivery_time, pick_up_time) values(3, 26, '2017-1-19 00:00:00.000000', '2020-11-3 00:00:00.000000');
insert into for_sale(warehouse_id, model_id, delivery_time, pick_up_time) values(4, 39, '2015-6-2 00:00:00.000000', '2021-8-8 00:00:00.000000');
insert into for_sale(warehouse_id, model_id, delivery_time, pick_up_time) values(2, 46, '2016-4-29 00:00:00.000000', '2021-10-7 00:00:00.000000');
insert into for_sale(warehouse_id, model_id, delivery_time, pick_up_time) values(5, 45, '2020-4-10 00:00:00.000000', '2021-9-29 00:00:00.000000');
insert into for_sale(warehouse_id, model_id, delivery_time, pick_up_time) values(9, 44, '2017-6-18 00:00:00.000000', '2020-11-17 00:00:00.000000');
insert into for_sale(warehouse_id, model_id, delivery_time, pick_up_time) values(9, 43, '2016-6-17 00:00:00.000000', '2020-12-10 00:00:00.000000');
insert into for_sale(warehouse_id, model_id, delivery_time, pick_up_time) values(2, 47, '2017-1-22 00:00:00.000000', '2021-8-21 00:00:00.000000');
insert into for_sale(warehouse_id, model_id, delivery_time, pick_up_time) values(7, 64, '2018-6-16 00:00:00.000000', '2021-11-1 00:00:00.000000');
insert into for_sale(warehouse_id, model_id, delivery_time, pick_up_time) values(7, 65, '2015-4-25 00:00:00.000000', '2021-7-29 00:00:00.000000');
insert into for_sale(warehouse_id, model_id, delivery_time, pick_up_time) values(6, 66, '2015-4-1 00:00:00.000000', '2021-12-1 00:00:00.000000');
insert into for_sale(warehouse_id, model_id, delivery_time, pick_up_time) values(6, 7, '2017-6-6 00:00:00.000000', '2020-9-1 00:00:00.000000');
insert into for_sale(warehouse_id, model_id, delivery_time, pick_up_time) values(5, 40, '2019-5-19 00:00:00.000000', '2020-12-17 00:00:00.000000');
insert into for_sale(warehouse_id, model_id, delivery_time, pick_up_time) values(1, 52, '2019-6-19 00:00:00.000000', '2020-11-17 00:00:00.000000');


insert into preserve(warehouse_id, model_id) values(7, 67);
insert into preserve(warehouse_id, model_id) values(6, 70);
insert into preserve(warehouse_id, model_id) values(6, 71);
insert into preserve(warehouse_id, model_id) values(5, 73);
insert into preserve(warehouse_id, model_id) values(7, 74);
insert into preserve(warehouse_id, model_id) values(7, 75);
insert into preserve(warehouse_id, model_id) values(6, 72);
insert into preserve(warehouse_id, model_id) values(6, 68);
insert into preserve(warehouse_id, model_id) values(5, 69);
insert into preserve(warehouse_id, model_id) values(7, 76);


insert into final_assemble_factory(state, city, street, street_number) values('Wisconsin', 'Madison', 'street1', '1');
insert into final_assemble_factory(state, city, street, street_number) values('Virginia', 'Richmond', 'street2', '2');
insert into final_assemble_factory(state, city, street, street_number) values('Oregon', 'Salem', 'street3', '3');
insert into final_assemble_factory(state, city, street, street_number) values('Wyoming', 'Cheyenne', 'street4', '4');


insert into vehicle_part(part) values('Unexposed bumper');
insert into vehicle_part(part) values('Exposed Bumper');
insert into vehicle_part(part) values('Car cover');
insert into vehicle_part(part) values('Hinges and springs');
insert into vehicle_part(part) values('Cowl screen');
insert into vehicle_part(part) values('Window motor');
insert into vehicle_part(part) values('Anti-intrusion bar');
insert into vehicle_part(part) values('Outer door handle');
insert into vehicle_part(part) values('Inner door handle');
insert into vehicle_part(part) values('Window motor');
insert into vehicle_part(part) values('Sunroof Glass');
insert into vehicle_part(part) values('Door control module');
insert into vehicle_part(part) values('Quarter panel');
insert into vehicle_part(part) values('Radiator core support');
insert into vehicle_part(part) values('Welded assembly');
insert into vehicle_part(part) values('Antenna cable');
insert into vehicle_part(part) values('Window seal');
insert into vehicle_part(part) values('Window regulator');
insert into vehicle_part(part) values('Door water-shield');
insert into vehicle_part(part) values('Door lock and power door locks');
insert into vehicle_part(part) values('Fuel tank (or fuel filler) door');
insert into vehicle_part(part) values('Door latch');
insert into vehicle_part(part) values('Front spoiler (air dam)');
insert into vehicle_part(part) values('Rear spoiler (wing)');
insert into vehicle_part(part) values('Pillar and hard trim');
insert into vehicle_part(part) values('Radio and media player');
insert into vehicle_part(part) values('Performance Battery');
insert into vehicle_part(part) values('Battery Control system');
insert into vehicle_part(part) values('Sulphuric Acid (American spelling: Sulfuric Acid) (H2SO4)    ');
insert into vehicle_part(part) values('Odometer (also called milometer or mileometers)');
insert into vehicle_part(part) values('Speedometer(also called a speed indicator)');
insert into vehicle_part(part) values('Ignition Coil Connector');
insert into vehicle_part(part) values('Engine bay lighting');
insert into vehicle_part(part) values('Fuel pressure sensor');
insert into vehicle_part(part) values('Mass airflow sensor');
insert into vehicle_part(part) values('Automatic transmission speed sensor');
insert into vehicle_part(part) values('Turn signal control, also called the turn signal lever, also called the "turn signal stalk"');
insert into vehicle_part(part) values('License plate lamp (also called number plate lamp or registration plate lamp)');
insert into vehicle_part(part) values('Center dome, Vanity-Sun visor and rear side, Floor and Door-front, back');
insert into vehicle_part(part) values('Crankshaft position sensor');
insert into vehicle_part(part) values('Starter pinion gear');
insert into vehicle_part(part) values('Steering column switch');
insert into vehicle_part(part) values('Air bag control module');
insert into vehicle_part(part) values('Central locking system');
insert into vehicle_part(part) values('Speedometer calibrator');
insert into vehicle_part(part) values('Children and baby car seat');
insert into vehicle_part(part) values('ABS steel pin');
insert into vehicle_part(part) values('Navigation system / GPS navigation device');
insert into vehicle_part(part) values('Steering column switch');
insert into vehicle_part(part) values('Parts and functions of starter system');
insert into vehicle_part(part) values('Transmission computer');
insert into vehicle_part(part) values('Performance monitor');
insert into vehicle_part(part) values('Other seat components');
insert into vehicle_part(part) values('Seat cover');
insert into vehicle_part(part) values('Seat track');
insert into vehicle_part(part) values('Seat bracket');
insert into vehicle_part(part) values('Seat belt');
insert into vehicle_part(part) values('FR Side Sensor');
insert into vehicle_part(part) values('Brake backing plate');
insert into vehicle_part(part) values('Calibrated friction brake');
insert into vehicle_part(part) values('Shoe return spring');
insert into vehicle_part(part) values('Other braking system parts');
insert into vehicle_part(part) values('Calibrated friction brake');
insert into vehicle_part(part) values('Combination valve');
insert into vehicle_part(part) values('Hold-down springs (retainer springs)');
insert into vehicle_part(part) values('High voltage battery pack');
insert into vehicle_part(part) values('DC-DC converter');
insert into vehicle_part(part) values('Cylinder head cover');
insert into vehicle_part(part) values('Positive crankcase ventilation valve (PCV valve)');
insert into vehicle_part(part) values('Camshaft bearing');
insert into vehicle_part(part) values('Camshaft phase variator');
insert into vehicle_part(part) values('Radiator (fan) shroud');
insert into vehicle_part(part) values('Coolant hose (clamp)');
insert into vehicle_part(part) values('Water pump gasket');
insert into vehicle_part(part) values('Exhaust manifold gasket');
insert into vehicle_part(part) values('LPG (Liquefied petroleum gas) system assembly');
insert into vehicle_part(part) values('Exhaust gas recirculation valve (EGR valve)');
insert into vehicle_part(part) values('Steering rack (a form of steering gear; see also rack and pinion and recirculating ball)');
insert into vehicle_part(part) values('Prop shaft (drive shaft, propeller shaft)');
insert into vehicle_part(part) values('Differential flange');
insert into vehicle_part(part) values('Transmission gear');
insert into vehicle_part(part) values('Transmission seal and bonded piston');
insert into vehicle_part(part) values('42-volt electrical system');
insert into vehicle_part(part) values('Fuel economy in automobiles');
insert into vehicle_part(part) values('Spare parts management');
insert into vehicle_part(part) values('Gasket: Flat, moulded, profiled');
insert into vehicle_part(part) values('Adhesive tape and foil');
insert into vehicle_part(part) values('A/C Discharge Hose Pipe');
insert into vehicle_part(part) values('Automobile air conditioning');
insert into vehicle_part(part) values('Universal joint (UJ, card-an joint)');
insert into vehicle_part(part) values('Clutch pressure plate');
insert into vehicle_part(part) values('Planetary gear set');
insert into vehicle_part(part) values('Chain wheel and sprocket');
insert into vehicle_part(part) values('Power steering assembly and component');
insert into vehicle_part(part) values('A/C Expansion Valve');
insert into vehicle_part(part) values('Transmission spring');
insert into vehicle_part(part) values('Fuel water separator');
insert into vehicle_part(part) values('Fuel cell component');
insert into vehicle_part(part) values('Fuel pressure regulator');
insert into vehicle_part(part) values('Fuel distributor');
insert into vehicle_part(part) values('Oil strainer');
insert into vehicle_part(part) values('Oil suction filter');


insert into vendor(part_id, certain_model) values(24, 52);
insert into vendor(part_id, certain_model) values(53, 54);
insert into vendor(part_id, certain_model) values(22, 8);
insert into vendor(part_id, certain_model) values(53, 23);
insert into vendor(part_id, certain_model) values(92, 28);
insert into vendor(part_id, certain_model) values(86, 16);
insert into vendor(part_id, certain_model) values(20, 42);
insert into vendor(part_id, certain_model) values(102, 66);
insert into vendor(part_id, certain_model) values(84, 46);
insert into vendor(part_id, certain_model) values(39, 22);
insert into vendor(part_id, certain_model) values(53, 46);
insert into vendor(part_id, certain_model) values(55, 36);
insert into vendor(part_id, certain_model) values(89, 33);
insert into vendor(part_id, certain_model) values(29, 6);
insert into vendor(part_id, certain_model) values(1, 60);
insert into vendor(part_id, certain_model) values(89, 61);
insert into vendor(part_id, certain_model) values(77, 47);
insert into vendor(part_id, certain_model) values(35, 72);
insert into vendor(part_id, certain_model) values(27, 67);
insert into vendor(part_id, certain_model) values(78, 66);
insert into vendor(part_id, certain_model) values(44, 21);
insert into vendor(part_id, certain_model) values(29, 12);
insert into vendor(part_id, certain_model) values(97, 57);
insert into vendor(part_id, certain_model) values(62, 55);
insert into vendor(part_id, certain_model) values(4, 49);
insert into vendor(part_id, certain_model) values(35, 72);
insert into vendor(part_id, certain_model) values(86, 14);
insert into vendor(part_id, certain_model) values(17, 70);
insert into vendor(part_id, certain_model) values(61, 1);
insert into vendor(part_id, certain_model) values(46, 21);
insert into vendor(part_id, certain_model) values(97, 18);
insert into vendor(part_id, certain_model) values(25, 5);
insert into vendor(part_id, certain_model) values(64, 37);
insert into vendor(part_id, certain_model) values(41, 27);
insert into vendor(part_id, certain_model) values(36, 37);
insert into vendor(part_id, certain_model) values(51, 6);
insert into vendor(part_id, certain_model) values(79, 22);
insert into vendor(part_id, certain_model) values(97, 38);
insert into vendor(part_id, certain_model) values(6, 21);
insert into vendor(part_id, certain_model) values(93, 16);
insert into vendor(part_id, certain_model) values(37, 75);
insert into vendor(part_id, certain_model) values(19, 29);
insert into vendor(part_id, certain_model) values(79, 18);
insert into vendor(part_id, certain_model) values(20, 59);
insert into vendor(part_id, certain_model) values(5, 20);
insert into vendor(part_id, certain_model) values(4, 8);
insert into vendor(part_id, certain_model) values(32, 11);
insert into vendor(part_id, certain_model) values(67, 34);
insert into vendor(part_id, certain_model) values(26, 40);
insert into vendor(part_id, certain_model) values(50, 49);
insert into vendor(part_id, certain_model) values(5, 61);
insert into vendor(part_id, certain_model) values(12, 67);
insert into vendor(part_id, certain_model) values(96, 74);
insert into vendor(part_id, certain_model) values(27, 51);
insert into vendor(part_id, certain_model) values(81, 12);
insert into vendor(part_id, certain_model) values(15, 49);
insert into vendor(part_id, certain_model) values(23, 24);
insert into vendor(part_id, certain_model) values(94, 43);
insert into vendor(part_id, certain_model) values(28, 26);
insert into vendor(part_id, certain_model) values(18, 33);
insert into vendor(part_id, certain_model) values(40, 35);
insert into vendor(part_id, certain_model) values(50, 37);
insert into vendor(part_id, certain_model) values(6, 43);
insert into vendor(part_id, certain_model) values(32, 30);
insert into vendor(part_id, certain_model) values(60, 47);
insert into vendor(part_id, certain_model) values(30, 20);
insert into vendor(part_id, certain_model) values(93, 17);
insert into vendor(part_id, certain_model) values(22, 19);
insert into vendor(part_id, certain_model) values(83, 36);
insert into vendor(part_id, certain_model) values(33, 10);
insert into vendor(part_id, certain_model) values(6, 70);
insert into vendor(part_id, certain_model) values(102, 27);
insert into vendor(part_id, certain_model) values(24, 52);
insert into vendor(part_id, certain_model) values(8, 49);
insert into vendor(part_id, certain_model) values(53, 57);
insert into vendor(part_id, certain_model) values(87, 25);
insert into vendor(part_id, certain_model) values(19, 15);
insert into vendor(part_id, certain_model) values(94, 1);
insert into vendor(part_id, certain_model) values(89, 66);
insert into vendor(part_id, certain_model) values(44, 75);
insert into vendor(part_id, certain_model) values(67, 8);
insert into vendor(part_id, certain_model) values(94, 65);
insert into vendor(part_id, certain_model) values(41, 42);
insert into vendor(part_id, certain_model) values(62, 64);
insert into vendor(part_id, certain_model) values(94, 63);
insert into vendor(part_id, certain_model) values(31, 20);
insert into vendor(part_id, certain_model) values(83, 71);
insert into vendor(part_id, certain_model) values(41, 71);
insert into vendor(part_id, certain_model) values(18, 52);
insert into vendor(part_id, certain_model) values(84, 28);
insert into vendor(part_id, certain_model) values(62, 16);
insert into vendor(part_id, certain_model) values(37, 12);
insert into vendor(part_id, certain_model) values(61, 13);
insert into vendor(part_id, certain_model) values(70, 17);
insert into vendor(part_id, certain_model) values(71, 45);
insert into vendor(part_id, certain_model) values(59, 27);
insert into vendor(part_id, certain_model) values(83, 26);
insert into vendor(part_id, certain_model) values(88, 59);
insert into vendor(part_id, certain_model) values(57, 74);
insert into vendor(part_id, certain_model) values(47, 44);
insert into vendor(part_id, certain_model) values(68, 76);
insert into vendor(part_id, certain_model) values(93, 64);
insert into vendor(part_id, certain_model) values(71, 15);
insert into vendor(part_id, certain_model) values(72, 40);
insert into vendor(part_id, certain_model) values(59, 59);
insert into vendor(part_id, certain_model) values(13, 46);
insert into vendor(part_id, certain_model) values(79, 10);
insert into vendor(part_id, certain_model) values(83, 33);
insert into vendor(part_id, certain_model) values(1, 28);
insert into vendor(part_id, certain_model) values(36, 34);
insert into vendor(part_id, certain_model) values(9, 4);
insert into vendor(part_id, certain_model) values(53, 50);
insert into vendor(part_id, certain_model) values(46, 37);
insert into vendor(part_id, certain_model) values(22, 64);
insert into vendor(part_id, certain_model) values(75, 6);
insert into vendor(part_id, certain_model) values(82, 61);
insert into vendor(part_id, certain_model) values(44, 63);
insert into vendor(part_id, certain_model) values(7, 46);
insert into vendor(part_id, certain_model) values(27, 5);
insert into vendor(part_id, certain_model) values(50, 24);
insert into vendor(part_id, certain_model) values(69, 74);
insert into vendor(part_id, certain_model) values(6, 27);
insert into vendor(part_id, certain_model) values(38, 8);
insert into vendor(part_id, certain_model) values(102, 53);
insert into vendor(part_id, certain_model) values(29, 6);
insert into vendor(part_id, certain_model) values(47, 22);
insert into vendor(part_id, certain_model) values(52, 40);
insert into vendor(part_id, certain_model) values(39, 63);
insert into vendor(part_id, certain_model) values(22, 45);
insert into vendor(part_id, certain_model) values(13, 6);
insert into vendor(part_id, certain_model) values(78, 38);
insert into vendor(part_id, certain_model) values(24, 32);
insert into vendor(part_id, certain_model) values(30, 14);
insert into vendor(part_id, certain_model) values(29, 17);
insert into vendor(part_id, certain_model) values(75, 73);
insert into vendor(part_id, certain_model) values(27, 45);
insert into vendor(part_id, certain_model) values(66, 53);
insert into vendor(part_id, certain_model) values(12, 23);
insert into vendor(part_id, certain_model) values(36, 9);
insert into vendor(part_id, certain_model) values(16, 44);
insert into vendor(part_id, certain_model) values(1, 26);
insert into vendor(part_id, certain_model) values(73, 28);
insert into vendor(part_id, certain_model) values(67, 40);
insert into vendor(part_id, certain_model) values(74, 62);
insert into vendor(part_id, certain_model) values(5, 20);
insert into vendor(part_id, certain_model) values(65, 34);
insert into vendor(part_id, certain_model) values(37, 76);
insert into vendor(part_id, certain_model) values(31, 12);
insert into vendor(part_id, certain_model) values(76, 2);

insert into part_factory(part_id, certain_model) values(11, 12);
insert into part_factory(part_id, certain_model) values(57, 35);
insert into part_factory(part_id, certain_model) values(13, 42);
insert into part_factory(part_id, certain_model) values(97, 64);
insert into part_factory(part_id, certain_model) values(62, 67);
insert into part_factory(part_id, certain_model) values(95, 42);
insert into part_factory(part_id, certain_model) values(67, 29);
insert into part_factory(part_id, certain_model) values(89, 33);
insert into part_factory(part_id, certain_model) values(33, 42);
insert into part_factory(part_id, certain_model) values(52, 49);
insert into part_factory(part_id, certain_model) values(11, 4);
insert into part_factory(part_id, certain_model) values(88, 61);
insert into part_factory(part_id, certain_model) values(72, 38);
insert into part_factory(part_id, certain_model) values(71, 16);
insert into part_factory(part_id, certain_model) values(53, 55);
insert into part_factory(part_id, certain_model) values(39, 58);
insert into part_factory(part_id, certain_model) values(33, 39);
insert into part_factory(part_id, certain_model) values(79, 32);
insert into part_factory(part_id, certain_model) values(85, 3);
insert into part_factory(part_id, certain_model) values(89, 32);
insert into part_factory(part_id, certain_model) values(36, 22);
insert into part_factory(part_id, certain_model) values(5, 22);
insert into part_factory(part_id, certain_model) values(102, 24);
insert into part_factory(part_id, certain_model) values(42, 43);
insert into part_factory(part_id, certain_model) values(98, 69);
insert into part_factory(part_id, certain_model) values(33, 17);
insert into part_factory(part_id, certain_model) values(43, 30);
insert into part_factory(part_id, certain_model) values(70, 43);
insert into part_factory(part_id, certain_model) values(42, 56);
insert into part_factory(part_id, certain_model) values(67, 23);
insert into part_factory(part_id, certain_model) values(80, 76);
insert into part_factory(part_id, certain_model) values(59, 51);
insert into part_factory(part_id, certain_model) values(46, 39);
insert into part_factory(part_id, certain_model) values(3, 69);
insert into part_factory(part_id, certain_model) values(3, 8);
insert into part_factory(part_id, certain_model) values(29, 49);
insert into part_factory(part_id, certain_model) values(45, 29);
insert into part_factory(part_id, certain_model) values(49, 40);
insert into part_factory(part_id, certain_model) values(45, 62);
insert into part_factory(part_id, certain_model) values(99, 26);
insert into part_factory(part_id, certain_model) values(28, 18);
insert into part_factory(part_id, certain_model) values(40, 65);
insert into part_factory(part_id, certain_model) values(73, 30);
insert into part_factory(part_id, certain_model) values(15, 17);
insert into part_factory(part_id, certain_model) values(61, 68);
insert into part_factory(part_id, certain_model) values(81, 4);
insert into part_factory(part_id, certain_model) values(55, 51);
insert into part_factory(part_id, certain_model) values(19, 48);
insert into part_factory(part_id, certain_model) values(10, 11);
insert into part_factory(part_id, certain_model) values(70, 4);
insert into part_factory(part_id, certain_model) values(41, 26);
insert into part_factory(part_id, certain_model) values(40, 67);
insert into part_factory(part_id, certain_model) values(44, 21);
insert into part_factory(part_id, certain_model) values(45, 1);
insert into part_factory(part_id, certain_model) values(61, 60);
insert into part_factory(part_id, certain_model) values(44, 27);
insert into part_factory(part_id, certain_model) values(47, 29);
insert into part_factory(part_id, certain_model) values(52, 62);
insert into part_factory(part_id, certain_model) values(28, 72);
insert into part_factory(part_id, certain_model) values(14, 32);
insert into part_factory(part_id, certain_model) values(95, 2);
insert into part_factory(part_id, certain_model) values(32, 40);
insert into part_factory(part_id, certain_model) values(17, 32);
insert into part_factory(part_id, certain_model) values(14, 13);
insert into part_factory(part_id, certain_model) values(24, 53);
insert into part_factory(part_id, certain_model) values(102, 13);
insert into part_factory(part_id, certain_model) values(58, 17);
insert into part_factory(part_id, certain_model) values(21, 45);
insert into part_factory(part_id, certain_model) values(29, 27);
insert into part_factory(part_id, certain_model) values(27, 74);
insert into part_factory(part_id, certain_model) values(37, 4);
insert into part_factory(part_id, certain_model) values(75, 15);
insert into part_factory(part_id, certain_model) values(69, 8);
insert into part_factory(part_id, certain_model) values(35, 18);
insert into part_factory(part_id, certain_model) values(96, 54);
insert into part_factory(part_id, certain_model) values(94, 50);
insert into part_factory(part_id, certain_model) values(73, 14);
insert into part_factory(part_id, certain_model) values(34, 47);
insert into part_factory(part_id, certain_model) values(90, 76);
insert into part_factory(part_id, certain_model) values(6, 28);
insert into part_factory(part_id, certain_model) values(31, 40);
insert into part_factory(part_id, certain_model) values(65, 47);
insert into part_factory(part_id, certain_model) values(34, 72);
insert into part_factory(part_id, certain_model) values(80, 70);
insert into part_factory(part_id, certain_model) values(53, 72);
insert into part_factory(part_id, certain_model) values(1, 76);
insert into part_factory(part_id, certain_model) values(90, 60);
insert into part_factory(part_id, certain_model) values(87, 8);
insert into part_factory(part_id, certain_model) values(90, 64);
insert into part_factory(part_id, certain_model) values(85, 37);
insert into part_factory(part_id, certain_model) values(50, 50);
insert into part_factory(part_id, certain_model) values(69, 51);
insert into part_factory(part_id, certain_model) values(82, 28);
insert into part_factory(part_id, certain_model) values(75, 8);
insert into part_factory(part_id, certain_model) values(76, 47);
insert into part_factory(part_id, certain_model) values(74, 40);
insert into part_factory(part_id, certain_model) values(84, 47);
insert into part_factory(part_id, certain_model) values(64, 66);
insert into part_factory(part_id, certain_model) values(42, 56);
insert into part_factory(part_id, certain_model) values(90, 53);
insert into part_factory(part_id, certain_model) values(64, 26);
insert into part_factory(part_id, certain_model) values(45, 17);
insert into part_factory(part_id, certain_model) values(73, 10);
insert into part_factory(part_id, certain_model) values(8, 69);
insert into part_factory(part_id, certain_model) values(15, 48);
insert into part_factory(part_id, certain_model) values(82, 29);
insert into part_factory(part_id, certain_model) values(76, 57);
insert into part_factory(part_id, certain_model) values(55, 55);
insert into part_factory(part_id, certain_model) values(23, 51);
insert into part_factory(part_id, certain_model) values(8, 63);
insert into part_factory(part_id, certain_model) values(92, 7);
insert into part_factory(part_id, certain_model) values(46, 22);
insert into part_factory(part_id, certain_model) values(94, 68);
insert into part_factory(part_id, certain_model) values(25, 39);
insert into part_factory(part_id, certain_model) values(49, 4);
insert into part_factory(part_id, certain_model) values(81, 1);
insert into part_factory(part_id, certain_model) values(28, 66);
insert into part_factory(part_id, certain_model) values(65, 47);
insert into part_factory(part_id, certain_model) values(3, 27);
insert into part_factory(part_id, certain_model) values(23, 63);
insert into part_factory(part_id, certain_model) values(92, 35);
insert into part_factory(part_id, certain_model) values(47, 12);
insert into part_factory(part_id, certain_model) values(66, 35);
insert into part_factory(part_id, certain_model) values(97, 18);
insert into part_factory(part_id, certain_model) values(41, 42);
insert into part_factory(part_id, certain_model) values(6, 76);
insert into part_factory(part_id, certain_model) values(54, 24);
insert into part_factory(part_id, certain_model) values(51, 8);
insert into part_factory(part_id, certain_model) values(53, 49);
insert into part_factory(part_id, certain_model) values(80, 56);
insert into part_factory(part_id, certain_model) values(58, 19);
insert into part_factory(part_id, certain_model) values(11, 67);
insert into part_factory(part_id, certain_model) values(1, 72);
insert into part_factory(part_id, certain_model) values(21, 57);
insert into part_factory(part_id, certain_model) values(45, 61);
insert into part_factory(part_id, certain_model) values(57, 21);
insert into part_factory(part_id, certain_model) values(19, 7);
insert into part_factory(part_id, certain_model) values(7, 42);
insert into part_factory(part_id, certain_model) values(44, 58);
insert into part_factory(part_id, certain_model) values(33, 44);
insert into part_factory(part_id, certain_model) values(84, 17);
insert into part_factory(part_id, certain_model) values(11, 60);
insert into part_factory(part_id, certain_model) values(40, 20);
insert into part_factory(part_id, certain_model) values(52, 36);
insert into part_factory(part_id, certain_model) values(50, 62);
insert into part_factory(part_id, certain_model) values(38, 36);
insert into part_factory(part_id, certain_model) values(10, 13);
insert into part_factory(part_id, certain_model) values(14, 21);
insert into part_factory(part_id, certain_model) values(89, 64);
insert into part_factory(part_id, certain_model) values(29, 58);
insert into part_factory(part_id, certain_model) values(76, 61);
insert into part_factory(part_id, certain_model) values(71, 26);
insert into part_factory(part_id, certain_model) values(82, 58);
insert into part_factory(part_id, certain_model) values(22, 36);
insert into part_factory(part_id, certain_model) values(51, 63);
insert into part_factory(part_id, certain_model) values(14, 8);
insert into part_factory(part_id, certain_model) values(70, 56);
insert into part_factory(part_id, certain_model) values(21, 2);
insert into part_factory(part_id, certain_model) values(27, 26);
insert into part_factory(part_id, certain_model) values(67, 61);
insert into part_factory(part_id, certain_model) values(98, 58);
insert into part_factory(part_id, certain_model) values(5, 27);
insert into part_factory(part_id, certain_model) values(52, 36);
insert into part_factory(part_id, certain_model) values(15, 13);
insert into part_factory(part_id, certain_model) values(51, 40);
insert into part_factory(part_id, certain_model) values(65, 46);
insert into part_factory(part_id, certain_model) values(13, 28);
insert into part_factory(part_id, certain_model) values(22, 44);
insert into part_factory(part_id, certain_model) values(90, 47);
insert into part_factory(part_id, certain_model) values(98, 67);
insert into part_factory(part_id, certain_model) values(102, 55);
insert into part_factory(part_id, certain_model) values(30, 73);
insert into part_factory(part_id, certain_model) values(47, 72);
insert into part_factory(part_id, certain_model) values(86, 8);
insert into part_factory(part_id, certain_model) values(17, 60);
insert into part_factory(part_id, certain_model) values(93, 45);
insert into part_factory(part_id, certain_model) values(26, 49);
insert into part_factory(part_id, certain_model) values(99, 51);
insert into part_factory(part_id, certain_model) values(61, 70);
insert into part_factory(part_id, certain_model) values(97, 71);
insert into part_factory(part_id, certain_model) values(57, 65);
insert into part_factory(part_id, certain_model) values(5, 49);
insert into part_factory(part_id, certain_model) values(32, 4);
insert into part_factory(part_id, certain_model) values(12, 49);
insert into part_factory(part_id, certain_model) values(98, 21);
insert into part_factory(part_id, certain_model) values(51, 29);
insert into part_factory(part_id, certain_model) values(17, 42);
insert into part_factory(part_id, certain_model) values(6, 12);
insert into part_factory(part_id, certain_model) values(58, 33);
insert into part_factory(part_id, certain_model) values(91, 68);
insert into part_factory(part_id, certain_model) values(2, 23);
insert into part_factory(part_id, certain_model) values(53, 13);
insert into part_factory(part_id, certain_model) values(27, 55);
insert into part_factory(part_id, certain_model) values(23, 27);
insert into part_factory(part_id, certain_model) values(80, 41);
insert into part_factory(part_id, certain_model) values(90, 8);
insert into part_factory(part_id, certain_model) values(88, 68);
insert into part_factory(part_id, certain_model) values(92, 32);
insert into part_factory(part_id, certain_model) values(25, 45);


insert into final_assemble(factory_id, part_1, part_2, assemble_date, model_id) values(4, 137, 143, '2020-7-30 00:00:00.000000', 22);
insert into final_assemble(factory_id, part_1, part_2, assemble_date, model_id) values(2, 106, 123, '2018-6-26 00:00:00.000000', 32);
insert into final_assemble(factory_id, part_1, part_2, assemble_date, model_id) values(2, 32, 98, '2015-10-22 00:00:00.000000', 8);
insert into final_assemble(factory_id, part_1, part_2, assemble_date, model_id) values(2, 73, 139, '2018-5-12 00:00:00.000000', 58);
insert into final_assemble(factory_id, part_1, part_2, assemble_date, model_id) values(3, 127, 75, '2017-10-22 00:00:00.000000', 22);
insert into final_assemble(factory_id, part_1, part_2, assemble_date, model_id) values(2, 42, 100, '2020-9-2 00:00:00.000000', 6);
insert into final_assemble(factory_id, part_1, part_2, assemble_date, model_id) values(3, 51, 36, '2020-2-21 00:00:00.000000', 67);
insert into final_assemble(factory_id, part_1, part_2, assemble_date, model_id) values(3, 43, 156, '2017-1-2 00:00:00.000000', 23);
insert into final_assemble(factory_id, part_1, part_2, assemble_date, model_id) values(3, 85, 48, '2017-4-10 00:00:00.000000', 34);
insert into final_assemble(factory_id, part_1, part_2, assemble_date, model_id) values(2, 139, 34, '2018-4-8 00:00:00.000000', 39);
insert into final_assemble(factory_id, part_1, part_2, assemble_date, model_id) values(2, 109, 191, '2017-11-30 00:00:00.000000', 70);
insert into final_assemble(factory_id, part_1, part_2, assemble_date, model_id) values(2, 5, 163, '2019-10-29 00:00:00.000000', 49);
insert into final_assemble(factory_id, part_1, part_2, assemble_date, model_id) values(2, 21, 53, '2021-8-9 00:00:00.000000', 24);
insert into final_assemble(factory_id, part_1, part_2, assemble_date, model_id) values(3, 120, 24, '2021-10-10 00:00:00.000000', 42);
insert into final_assemble(factory_id, part_1, part_2, assemble_date, model_id) values(3, 126, 96, '2021-12-23 00:00:00.000000', 48);
insert into final_assemble(factory_id, part_1, part_2, assemble_date, model_id) values(2, 11, 172, '2015-12-2 00:00:00.000000', 16);
insert into final_assemble(factory_id, part_1, part_2, assemble_date, model_id) values(3, 129, 34, '2020-9-4 00:00:00.000000', 55);
insert into final_assemble(factory_id, part_1, part_2, assemble_date, model_id) values(4, 14, 40, '2018-11-20 00:00:00.000000', 41);
insert into final_assemble(factory_id, part_1, part_2, assemble_date, model_id) values(3, 120, 66, '2021-7-25 00:00:00.000000', 24);
insert into final_assemble(factory_id, part_1, part_2, assemble_date, model_id) values(1, 72, 75, '2016-11-26 00:00:00.000000', 76);
insert into final_assemble(factory_id, part_1, part_2, assemble_date, model_id) values(2, 23, 136, '2019-5-23 00:00:00.000000', 53);
insert into final_assemble(factory_id, part_1, part_2, assemble_date, model_id) values(1, 132, 68, '2016-8-28 00:00:00.000000', 53);
insert into final_assemble(factory_id, part_1, part_2, assemble_date, model_id) values(1, 94, 136, '2018-12-12 00:00:00.000000', 17);
insert into final_assemble(factory_id, part_1, part_2, assemble_date, model_id) values(1, 77, 191, '2020-1-30 00:00:00.000000', 61);
insert into final_assemble(factory_id, part_1, part_2, assemble_date, model_id) values(4, 17, 152, '2017-3-1 00:00:00.000000', 36);
insert into final_assemble(factory_id, part_1, part_2, assemble_date, model_id) values(1, 127, 2, '2021-5-3 00:00:00.000000', 4);
insert into final_assemble(factory_id, part_1, part_2, assemble_date, model_id) values(2, 52, 25, '2015-1-30 00:00:00.000000', 68);
insert into final_assemble(factory_id, part_1, part_2, assemble_date, model_id) values(1, 39, 38, '2018-11-21 00:00:00.000000', 30);
insert into final_assemble(factory_id, part_1, part_2, assemble_date, model_id) values(4, 36, 71, '2019-2-15 00:00:00.000000', 71);
insert into final_assemble(factory_id, part_1, part_2, assemble_date, model_id) values(1, 52, 134, '2021-11-25 00:00:00.000000', 8);
insert into final_assemble(factory_id, part_1, part_2, assemble_date, model_id) values(4, 23, 152, '2020-2-6 00:00:00.000000', 36);
insert into final_assemble(factory_id, part_1, part_2, assemble_date, model_id) values(3, 57, 58, '2021-12-27 00:00:00.000000', 9);
insert into final_assemble(factory_id, part_1, part_2, assemble_date, model_id) values(4, 38, 187, '2017-7-13 00:00:00.000000', 17);
insert into final_assemble(factory_id, part_1, part_2, assemble_date, model_id) values(1, 14, 77, '2019-11-15 00:00:00.000000', 16);
insert into final_assemble(factory_id, part_1, part_2, assemble_date, model_id) values(2, 101, 30, '2015-7-23 00:00:00.000000', 35);
insert into final_assemble(factory_id, part_1, part_2, assemble_date, model_id) values(3, 97, 161, '2015-4-24 00:00:00.000000', 36);
insert into final_assemble(factory_id, part_1, part_2, assemble_date, model_id) values(2, 33, 28, '2018-4-22 00:00:00.000000', 46);
insert into final_assemble(factory_id, part_1, part_2, assemble_date, model_id) values(4, 96, 42, '2020-10-13 00:00:00.000000', 19);
insert into final_assemble(factory_id, part_1, part_2, assemble_date, model_id) values(1, 8, 114, '2017-6-25 00:00:00.000000', 13);
insert into final_assemble(factory_id, part_1, part_2, assemble_date, model_id) values(1, 55, 1, '2020-10-30 00:00:00.000000', 28);
insert into final_assemble(factory_id, part_1, part_2, assemble_date, model_id) values(2, 55, 55, '2016-6-4 00:00:00.000000', 72);
insert into final_assemble(factory_id, part_1, part_2, assemble_date, model_id) values(1, 71, 198, '2016-12-4 00:00:00.000000', 63);
insert into final_assemble(factory_id, part_1, part_2, assemble_date, model_id) values(2, 31, 21, '2017-3-7 00:00:00.000000', 55);
insert into final_assemble(factory_id, part_1, part_2, assemble_date, model_id) values(2, 18, 136, '2015-5-14 00:00:00.000000', 37);
insert into final_assemble(factory_id, part_1, part_2, assemble_date, model_id) values(3, 124, 54, '2021-1-23 00:00:00.000000', 59);
insert into final_assemble(factory_id, part_1, part_2, assemble_date, model_id) values(3, 1, 15, '2020-3-11 00:00:00.000000', 48);
insert into final_assemble(factory_id, part_1, part_2, assemble_date, model_id) values(2, 124, 128, '2021-12-6 00:00:00.000000', 19);
insert into final_assemble(factory_id, part_1, part_2, assemble_date, model_id) values(3, 105, 161, '2015-1-30 00:00:00.000000', 26);
insert into final_assemble(factory_id, part_1, part_2, assemble_date, model_id) values(1, 129, 76, '2015-8-9 00:00:00.000000', 2);
insert into final_assemble(factory_id, part_1, part_2, assemble_date, model_id) values(3, 13, 144, '2015-2-12 00:00:00.000000', 34);
insert into final_assemble(factory_id, part_1, part_2, assemble_date, model_id) values(4, 79, 47, '2019-5-12 00:00:00.000000', 43);
insert into final_assemble(factory_id, part_1, part_2, assemble_date, model_id) values(2, 57, 140, '2019-11-30 00:00:00.000000', 35);
insert into final_assemble(factory_id, part_1, part_2, assemble_date, model_id) values(1, 43, 119, '2015-5-15 00:00:00.000000', 19);
insert into final_assemble(factory_id, part_1, part_2, assemble_date, model_id) values(2, 142, 116, '2017-4-11 00:00:00.000000', 70);
insert into final_assemble(factory_id, part_1, part_2, assemble_date, model_id) values(2, 128, 80, '2017-6-29 00:00:00.000000', 66);
insert into final_assemble(factory_id, part_1, part_2, assemble_date, model_id) values(3, 95, 179, '2020-5-29 00:00:00.000000', 38);
insert into final_assemble(factory_id, part_1, part_2, assemble_date, model_id) values(1, 141, 19, '2018-10-19 00:00:00.000000', 12);
insert into final_assemble(factory_id, part_1, part_2, assemble_date, model_id) values(1, 49, 199, '2018-1-26 00:00:00.000000', 49);
insert into final_assemble(factory_id, part_1, part_2, assemble_date, model_id) values(4, 68, 32, '2017-8-8 00:00:00.000000', 23);
insert into final_assemble(factory_id, part_1, part_2, assemble_date, model_id) values(1, 23, 173, '2016-2-23 00:00:00.000000', 16);
insert into final_assemble(factory_id, part_1, part_2, assemble_date, model_id) values(3, 38, 86, '2016-2-13 00:00:00.000000', 11);
insert into final_assemble(factory_id, part_1, part_2, assemble_date, model_id) values(2, 18, 192, '2020-7-22 00:00:00.000000', 7);
insert into final_assemble(factory_id, part_1, part_2, assemble_date, model_id) values(3, 119, 84, '2021-8-19 00:00:00.000000', 9);
insert into final_assemble(factory_id, part_1, part_2, assemble_date, model_id) values(2, 45, 32, '2020-5-17 00:00:00.000000', 62);
insert into final_assemble(factory_id, part_1, part_2, assemble_date, model_id) values(2, 31, 114, '2019-12-29 00:00:00.000000', 34);
insert into final_assemble(factory_id, part_1, part_2, assemble_date, model_id) values(2, 105, 186, '2021-6-5 00:00:00.000000', 7);
insert into final_assemble(factory_id, part_1, part_2, assemble_date, model_id) values(4, 50, 35, '2016-8-19 00:00:00.000000', 35);
insert into final_assemble(factory_id, part_1, part_2, assemble_date, model_id) values(3, 116, 120, '2018-6-28 00:00:00.000000', 72);
insert into final_assemble(factory_id, part_1, part_2, assemble_date, model_id) values(1, 94, 170, '2016-10-22 00:00:00.000000', 29);
insert into final_assemble(factory_id, part_1, part_2, assemble_date, model_id) values(1, 123, 129, '2016-7-6 00:00:00.000000', 47);
insert into final_assemble(factory_id, part_1, part_2, assemble_date, model_id) values(2, 73, 95, '2015-3-2 00:00:00.000000', 22);
insert into final_assemble(factory_id, part_1, part_2, assemble_date, model_id) values(3, 80, 178, '2020-5-14 00:00:00.000000', 3);
insert into final_assemble(factory_id, part_1, part_2, assemble_date, model_id) values(3, 31, 73, '2015-11-25 00:00:00.000000', 63);
insert into final_assemble(factory_id, part_1, part_2, assemble_date, model_id) values(3, 140, 31, '2015-4-16 00:00:00.000000', 73);
insert into final_assemble(factory_id, part_1, part_2, assemble_date, model_id) values(1, 16, 76, '2017-6-13 00:00:00.000000', 47);
insert into final_assemble(factory_id, part_1, part_2, assemble_date, model_id) values(4, 2, 174, '2015-7-27 00:00:00.000000', 7);
insert into final_assemble(factory_id, part_1, part_2, assemble_date, model_id) values(4, 42, 171, '2020-3-22 00:00:00.000000', 29);
insert into final_assemble(factory_id, part_1, part_2, assemble_date, model_id) values(4, 8, 34, '2021-8-14 00:00:00.000000', 59);
insert into final_assemble(factory_id, part_1, part_2, assemble_date, model_id) values(3, 57, 68, '2018-1-11 00:00:00.000000', 2);
insert into final_assemble(factory_id, part_1, part_2, assemble_date, model_id) values(3, 14, 187, '2015-6-22 00:00:00.000000', 15);
insert into final_assemble(factory_id, part_1, part_2, assemble_date, model_id) values(4, 134, 161, '2018-12-25 00:00:00.000000', 58);
insert into final_assemble(factory_id, part_1, part_2, assemble_date, model_id) values(1, 8, 196, '2017-3-27 00:00:00.000000', 48);
insert into final_assemble(factory_id, part_1, part_2, assemble_date, model_id) values(1, 87, 46, '2019-1-11 00:00:00.000000', 22);
insert into final_assemble(factory_id, part_1, part_2, assemble_date, model_id) values(3, 53, 192, '2015-4-12 00:00:00.000000', 18);
insert into final_assemble(factory_id, part_1, part_2, assemble_date, model_id) values(3, 91, 126, '2017-11-6 00:00:00.000000', 53);
insert into final_assemble(factory_id, part_1, part_2, assemble_date, model_id) values(3, 74, 129, '2020-10-2 00:00:00.000000', 24);
insert into final_assemble(factory_id, part_1, part_2, assemble_date, model_id) values(1, 28, 12, '2021-8-22 00:00:00.000000', 18);
insert into final_assemble(factory_id, part_1, part_2, assemble_date, model_id) values(2, 46, 40, '2019-3-28 00:00:00.000000', 49);
insert into final_assemble(factory_id, part_1, part_2, assemble_date, model_id) values(3, 105, 159, '2017-12-19 00:00:00.000000', 69);
insert into final_assemble(factory_id, part_1, part_2, assemble_date, model_id) values(4, 63, 8, '2018-2-13 00:00:00.000000', 20);
insert into final_assemble(factory_id, part_1, part_2, assemble_date, model_id) values(3, 79, 42, '2015-4-12 00:00:00.000000', 74);
insert into final_assemble(factory_id, part_1, part_2, assemble_date, model_id) values(1, 137, 111, '2016-3-1 00:00:00.000000', 3);
insert into final_assemble(factory_id, part_1, part_2, assemble_date, model_id) values(3, 62, 194, '2019-7-1 00:00:00.000000', 47);
insert into final_assemble(factory_id, part_1, part_2, assemble_date, model_id) values(2, 77, 4, '2015-2-7 00:00:00.000000', 17);
insert into final_assemble(factory_id, part_1, part_2, assemble_date, model_id) values(2, 11, 29, '2015-1-23 00:00:00.000000', 48);
insert into final_assemble(factory_id, part_1, part_2, assemble_date, model_id) values(1, 101, 169, '2018-6-3 00:00:00.000000', 72);
insert into final_assemble(factory_id, part_1, part_2, assemble_date, model_id) values(1, 110, 188, '2020-7-29 00:00:00.000000', 30);
insert into final_assemble(factory_id, part_1, part_2, assemble_date, model_id) values(4, 49, 149, '2021-10-4 00:00:00.000000', 52);
insert into final_assemble(factory_id, part_1, part_2, assemble_date, model_id) values(4, 52, 120, '2019-3-29 00:00:00.000000', 68);
insert into final_assemble(factory_id, part_1, part_2, assemble_date, model_id) values(4, 133, 103, '2021-9-27 00:00:00.000000', 45);
insert into final_assemble(factory_id, part_1, part_2, assemble_date, model_id) values(3, 44, 21, '2020-9-9 00:00:00.000000', 71);
insert into final_assemble(factory_id, part_1, part_2, assemble_date, model_id) values(1, 134, 36, '2019-7-6 00:00:00.000000', 17);
insert into final_assemble(factory_id, part_1, part_2, assemble_date, model_id) values(3, 57, 138, '2021-2-2 00:00:00.000000', 67);
insert into final_assemble(factory_id, part_1, part_2, assemble_date, model_id) values(2, 134, 176, '2019-8-19 00:00:00.000000', 47);
insert into final_assemble(factory_id, part_1, part_2, assemble_date, model_id) values(4, 29, 113, '2016-12-1 00:00:00.000000', 67);
insert into final_assemble(factory_id, part_1, part_2, assemble_date, model_id) values(2, 19, 23, '2015-6-12 00:00:00.000000', 67);
insert into final_assemble(factory_id, part_1, part_2, assemble_date, model_id) values(3, 103, 125, '2021-8-14 00:00:00.000000', 8);
insert into final_assemble(factory_id, part_1, part_2, assemble_date, model_id) values(3, 42, 197, '2015-5-8 00:00:00.000000', 41);
insert into final_assemble(factory_id, part_1, part_2, assemble_date, model_id) values(3, 64, 72, '2019-8-12 00:00:00.000000', 46);
insert into final_assemble(factory_id, part_1, part_2, assemble_date, model_id) values(3, 107, 181, '2019-1-8 00:00:00.000000', 55);
insert into final_assemble(factory_id, part_1, part_2, assemble_date, model_id) values(2, 97, 73, '2019-5-23 00:00:00.000000', 60);
insert into final_assemble(factory_id, part_1, part_2, assemble_date, model_id) values(1, 39, 107, '2017-7-13 00:00:00.000000', 59);
insert into final_assemble(factory_id, part_1, part_2, assemble_date, model_id) values(3, 109, 27, '2017-5-19 00:00:00.000000', 20);
insert into final_assemble(factory_id, part_1, part_2, assemble_date, model_id) values(4, 149, 3, '2017-11-25 00:00:00.000000', 13);
insert into final_assemble(factory_id, part_1, part_2, assemble_date, model_id) values(1, 41, 137, '2020-10-25 00:00:00.000000', 65);
insert into final_assemble(factory_id, part_1, part_2, assemble_date, model_id) values(2, 104, 50, '2017-1-22 00:00:00.000000', 15);
insert into final_assemble(factory_id, part_1, part_2, assemble_date, model_id) values(4, 138, 29, '2021-10-12 00:00:00.000000', 28);
insert into final_assemble(factory_id, part_1, part_2, assemble_date, model_id) values(1, 31, 102, '2017-4-4 00:00:00.000000', 70);
insert into final_assemble(factory_id, part_1, part_2, assemble_date, model_id) values(3, 61, 189, '2019-6-4 00:00:00.000000', 28);
insert into final_assemble(factory_id, part_1, part_2, assemble_date, model_id) values(3, 140, 91, '2018-11-14 00:00:00.000000', 70);
insert into final_assemble(factory_id, part_1, part_2, assemble_date, model_id) values(4, 53, 69, '2015-2-25 00:00:00.000000', 68);
insert into final_assemble(factory_id, part_1, part_2, assemble_date, model_id) values(2, 6, 19, '2015-7-17 00:00:00.000000', 60);
insert into final_assemble(factory_id, part_1, part_2, assemble_date, model_id) values(4, 92, 169, '2021-6-9 00:00:00.000000', 73);
insert into final_assemble(factory_id, part_1, part_2, assemble_date, model_id) values(4, 102, 91, '2018-1-10 00:00:00.000000', 13);
insert into final_assemble(factory_id, part_1, part_2, assemble_date, model_id) values(1, 9, 184, '2021-4-19 00:00:00.000000', 23);
insert into final_assemble(factory_id, part_1, part_2, assemble_date, model_id) values(1, 14, 96, '2019-6-17 00:00:00.000000', 72);
insert into final_assemble(factory_id, part_1, part_2, assemble_date, model_id) values(4, 104, 126, '2021-8-16 00:00:00.000000', 41);
insert into final_assemble(factory_id, part_1, part_2, assemble_date, model_id) values(4, 62, 92, '2015-8-22 00:00:00.000000', 23);
insert into final_assemble(factory_id, part_1, part_2, assemble_date, model_id) values(2, 32, 32, '2020-5-8 00:00:00.000000', 20);
insert into final_assemble(factory_id, part_1, part_2, assemble_date, model_id) values(3, 107, 199, '2021-6-27 00:00:00.000000', 32);
insert into final_assemble(factory_id, part_1, part_2, assemble_date, model_id) values(2, 42, 170, '2016-4-2 00:00:00.000000', 15);
insert into final_assemble(factory_id, part_1, part_2, assemble_date, model_id) values(1, 148, 136, '2018-12-14 00:00:00.000000', 30);
insert into final_assemble(factory_id, part_1, part_2, assemble_date, model_id) values(3, 64, 106, '2021-10-12 00:00:00.000000', 49);
insert into final_assemble(factory_id, part_1, part_2, assemble_date, model_id) values(4, 123, 195, '2021-10-5 00:00:00.000000', 38);
insert into final_assemble(factory_id, part_1, part_2, assemble_date, model_id) values(1, 69, 82, '2021-11-29 00:00:00.000000', 45);
insert into final_assemble(factory_id, part_1, part_2, assemble_date, model_id) values(4, 83, 165, '2015-9-3 00:00:00.000000', 4);
insert into final_assemble(factory_id, part_1, part_2, assemble_date, model_id) values(1, 129, 92, '2017-9-2 00:00:00.000000', 76);
insert into final_assemble(factory_id, part_1, part_2, assemble_date, model_id) values(2, 18, 75, '2017-6-10 00:00:00.000000', 23);
insert into final_assemble(factory_id, part_1, part_2, assemble_date, model_id) values(3, 88, 123, '2016-12-4 00:00:00.000000', 68);
insert into final_assemble(factory_id, part_1, part_2, assemble_date, model_id) values(4, 33, 196, '2018-12-29 00:00:00.000000', 35);
insert into final_assemble(factory_id, part_1, part_2, assemble_date, model_id) values(3, 35, 90, '2018-4-27 00:00:00.000000', 72);
insert into final_assemble(factory_id, part_1, part_2, assemble_date, model_id) values(1, 58, 6, '2020-11-5 00:00:00.000000', 15);
insert into final_assemble(factory_id, part_1, part_2, assemble_date, model_id) values(2, 141, 24, '2017-6-10 00:00:00.000000', 7);
insert into final_assemble(factory_id, part_1, part_2, assemble_date, model_id) values(3, 55, 48, '2019-5-11 00:00:00.000000', 19);
insert into final_assemble(factory_id, part_1, part_2, assemble_date, model_id) values(2, 70, 180, '2019-3-21 00:00:00.000000', 61);
insert into final_assemble(factory_id, part_1, part_2, assemble_date, model_id) values(1, 32, 43, '2017-3-16 00:00:00.000000', 42);
insert into final_assemble(factory_id, part_1, part_2, assemble_date, model_id) values(3, 46, 106, '2017-2-2 00:00:00.000000', 57);
insert into final_assemble(factory_id, part_1, part_2, assemble_date, model_id) values(2, 33, 99, '2021-10-23 00:00:00.000000', 52);
insert into final_assemble(factory_id, part_1, part_2, assemble_date, model_id) values(3, 85, 131, '2018-8-23 00:00:00.000000', 66);
insert into final_assemble(factory_id, part_1, part_2, assemble_date, model_id) values(4, 47, 69, '2016-4-23 00:00:00.000000', 74);


insert into order_1(customer_id, order_time) values(8, '2017-1-3 00:00:00.000000');
insert into order_1(customer_id, order_time) values(7, '2020-3-13 00:00:00.000000');
insert into order_1(customer_id, order_time) values(4, '2017-2-8 00:00:00.000000');
insert into order_1(customer_id, order_time) values(8, '2015-9-9 00:00:00.000000');
insert into order_1(customer_id, order_time) values(4, '2021-1-10 00:00:00.000000');
insert into order_1(customer_id, order_time) values(6, '2015-3-22 00:00:00.000000');
insert into order_1(customer_id, order_time) values(2, '2015-6-18 00:00:00.000000');
insert into order_1(customer_id, order_time) values(10, '2019-5-20 00:00:00.000000');
insert into order_1(customer_id, order_time) values(3, '2016-3-15 00:00:00.000000');
insert into order_1(customer_id, order_time) values(8, '2015-6-18 00:00:00.000000');
insert into order_1(customer_id, order_time) values(6, '2021-2-3 00:00:00.000000');
insert into order_1(customer_id, order_time) values(3, '2018-7-26 00:00:00.000000');
insert into order_1(customer_id, order_time) values(8, '2019-4-7 00:00:00.000000');
insert into order_1(customer_id, order_time) values(6, '2019-1-20 00:00:00.000000');
insert into order_1(customer_id, order_time) values(10, '2017-10-9 00:00:00.000000');
insert into order_1(customer_id, order_time) values(11, '2015-2-12 00:00:00.000000');
insert into order_1(customer_id, order_time) values(11, '2020-2-26 00:00:00.000000');
insert into order_1(customer_id, order_time) values(8, '2020-3-30 00:00:00.000000');
insert into order_1(customer_id, order_time) values(2, '2017-9-7 00:00:00.000000');
insert into order_1(customer_id, order_time) values(9, '2016-5-8 00:00:00.000000');
insert into order_1(customer_id, order_time) values(10, '2021-1-10 00:00:00.000000');
insert into order_1(customer_id, order_time) values(6, '2021-5-17 00:00:00.000000');
insert into order_1(customer_id, order_time) values(2, '2018-5-27 00:00:00.000000');
insert into order_1(customer_id, order_time) values(11, '2016-8-27 00:00:00.000000');
insert into order_1(customer_id, order_time) values(8, '2019-9-24 00:00:00.000000');
insert into order_1(customer_id, order_time) values(2, '2015-11-30 00:00:00.000000');
insert into order_1(customer_id, order_time) values(5, '2015-5-26 00:00:00.000000');
insert into order_1(customer_id, order_time) values(10, '2021-12-3 00:00:00.000000');
insert into order_1(customer_id, order_time) values(5, '2015-8-30 00:00:00.000000');
insert into order_1(customer_id, order_time) values(3, '2018-7-19 00:00:00.000000');
insert into order_1(customer_id, order_time) values(1, '2019-3-4 00:00:00.000000');
insert into order_1(customer_id, order_time) values(10, '2021-4-17 00:00:00.000000');
insert into order_1(customer_id, order_time) values(2, '2020-6-26 00:00:00.000000');
insert into order_1(customer_id, order_time) values(10, '2016-12-24 00:00:00.000000');
insert into order_1(customer_id, order_time) values(7, '2017-12-19 00:00:00.000000');
insert into order_1(customer_id, order_time) values(8, '2021-10-6 00:00:00.000000');
insert into order_1(customer_id, order_time) values(1, '2015-4-1 00:00:00.000000');
insert into order_1(customer_id, order_time) values(8, '2020-8-25 00:00:00.000000');
insert into order_1(customer_id, order_time) values(1, '2018-6-13 00:00:00.000000');
insert into order_1(customer_id, order_time) values(11, '2021-9-3 00:00:00.000000');
insert into order_1(customer_id, order_time) values(6, '2018-11-25 00:00:00.000000');
insert into order_1(customer_id, order_time) values(2, '2017-4-17 00:00:00.000000');
insert into order_1(customer_id, order_time) values(11, '2018-1-4 00:00:00.000000');
insert into order_1(customer_id, order_time) values(3, '2019-5-2 00:00:00.000000');
insert into order_1(customer_id, order_time) values(9, '2016-11-3 00:00:00.000000');
insert into order_1(customer_id, order_time) values(3, '2019-10-21 00:00:00.000000');
insert into order_1(customer_id, order_time) values(6, '2020-9-16 00:00:00.000000');
insert into order_1(customer_id, order_time) values(6, '2016-11-4 00:00:00.000000');
insert into order_1(customer_id, order_time) values(1, '2019-3-21 00:00:00.000000');
insert into order_1(customer_id, order_time) values(4, '2021-3-20 00:00:00.000000');
insert into order_1(customer_id, order_time) values(6, '2019-12-14 00:00:00.000000');
insert into order_1(customer_id, order_time) values(4, '2021-4-7 00:00:00.000000');
insert into order_1(customer_id, order_time) values(1, '2019-3-27 00:00:00.000000');
insert into order_1(customer_id, order_time) values(2, '2020-12-22 00:00:00.000000');
insert into order_1(customer_id, order_time) values(6, '2017-1-14 00:00:00.000000');
insert into order_1(customer_id, order_time) values(3, '2018-2-10 00:00:00.000000');
insert into order_1(customer_id, order_time) values(9, '2020-7-29 00:00:00.000000');
insert into order_1(customer_id, order_time) values(8, '2018-2-26 00:00:00.000000');
insert into order_1(customer_id, order_time) values(4, '2016-12-24 00:00:00.000000');
insert into order_1(customer_id, order_time) values(5, '2017-9-11 00:00:00.000000');


insert into order_item(vehicle_id, quantity, price, order_id) values(14, 9, 66000, 49);
insert into order_item(vehicle_id, quantity, price, order_id) values(40, 2, 113000, 33);
insert into order_item(vehicle_id, quantity, price, order_id) values(32, 6, 43000, 54);
insert into order_item(vehicle_id, quantity, price, order_id) values(15, 3, 102000, 38);
insert into order_item(vehicle_id, quantity, price, order_id) values(18, 3, 98000, 11);
insert into order_item(vehicle_id, quantity, price, order_id) values(4, 3, 21000, 60);
insert into order_item(vehicle_id, quantity, price, order_id) values(46, 7, 41000, 16);
insert into order_item(vehicle_id, quantity, price, order_id) values(2, 4, 16000, 6);
insert into order_item(vehicle_id, quantity, price, order_id) values(18, 1, 123000, 12);
insert into order_item(vehicle_id, quantity, price, order_id) values(57, 2, 110000, 56);
insert into order_item(vehicle_id, quantity, price, order_id) values(22, 7, 10000, 56);
insert into order_item(vehicle_id, quantity, price, order_id) values(8, 10, 19000, 16);
insert into order_item(vehicle_id, quantity, price, order_id) values(26, 7, 69000, 27);
insert into order_item(vehicle_id, quantity, price, order_id) values(1, 4, 140000, 9);
insert into order_item(vehicle_id, quantity, price, order_id) values(19, 8, 141000, 14);
insert into order_item(vehicle_id, quantity, price, order_id) values(65, 3, 69000, 28);
insert into order_item(vehicle_id, quantity, price, order_id) values(32, 5, 44000, 53);
insert into order_item(vehicle_id, quantity, price, order_id) values(39, 4, 62000, 1);
insert into order_item(vehicle_id, quantity, price, order_id) values(22, 8, 10000, 15);
insert into order_item(vehicle_id, quantity, price, order_id) values(54, 9, 130000, 11);
insert into order_item(vehicle_id, quantity, price, order_id) values(31, 10, 58000, 7);
insert into order_item(vehicle_id, quantity, price, order_id) values(55, 6, 73000, 56);
insert into order_item(vehicle_id, quantity, price, order_id) values(26, 8, 120000, 20);
insert into order_item(vehicle_id, quantity, price, order_id) values(65, 6, 137000, 13);
insert into order_item(vehicle_id, quantity, price, order_id) values(48, 9, 22000, 16);
insert into order_item(vehicle_id, quantity, price, order_id) values(52, 2, 55000, 46);
insert into order_item(vehicle_id, quantity, price, order_id) values(16, 3, 61000, 3);
insert into order_item(vehicle_id, quantity, price, order_id) values(9, 6, 56000, 14);
insert into order_item(vehicle_id, quantity, price, order_id) values(65, 4, 117000, 49);
insert into order_item(vehicle_id, quantity, price, order_id) values(27, 5, 13000, 51);
insert into order_item(vehicle_id, quantity, price, order_id) values(42, 10, 121000, 24);
insert into order_item(vehicle_id, quantity, price, order_id) values(59, 5, 125000, 28);
insert into order_item(vehicle_id, quantity, price, order_id) values(55, 1, 8000, 11);
insert into order_item(vehicle_id, quantity, price, order_id) values(10, 1, 74000, 5);
insert into order_item(vehicle_id, quantity, price, order_id) values(48, 7, 124000, 6);
insert into order_item(vehicle_id, quantity, price, order_id) values(17, 7, 144000, 46);
insert into order_item(vehicle_id, quantity, price, order_id) values(24, 4, 47000, 41);
insert into order_item(vehicle_id, quantity, price, order_id) values(4, 10, 122000, 15);
insert into order_item(vehicle_id, quantity, price, order_id) values(62, 3, 49000, 52);
insert into order_item(vehicle_id, quantity, price, order_id) values(55, 10, 26000, 33);
insert into order_item(vehicle_id, quantity, price, order_id) values(18, 5, 72000, 51);
insert into order_item(vehicle_id, quantity, price, order_id) values(65, 6, 135000, 21);
insert into order_item(vehicle_id, quantity, price, order_id) values(35, 1, 148000, 10);
insert into order_item(vehicle_id, quantity, price, order_id) values(42, 2, 56000, 7);
insert into order_item(vehicle_id, quantity, price, order_id) values(59, 10, 115000, 20);
insert into order_item(vehicle_id, quantity, price, order_id) values(12, 6, 44000, 29);
insert into order_item(vehicle_id, quantity, price, order_id) values(30, 2, 67000, 21);
insert into order_item(vehicle_id, quantity, price, order_id) values(46, 10, 84000, 41);
insert into order_item(vehicle_id, quantity, price, order_id) values(32, 8, 37000, 48);
insert into order_item(vehicle_id, quantity, price, order_id) values(31, 10, 29000, 54);
insert into order_item(vehicle_id, quantity, price, order_id) values(30, 8, 18000, 19);
insert into order_item(vehicle_id, quantity, price, order_id) values(5, 8, 149000, 44);
insert into order_item(vehicle_id, quantity, price, order_id) values(4, 10, 140000, 28);
insert into order_item(vehicle_id, quantity, price, order_id) values(48, 6, 11000, 38);
insert into order_item(vehicle_id, quantity, price, order_id) values(42, 3, 19000, 33);
insert into order_item(vehicle_id, quantity, price, order_id) values(2, 9, 147000, 50);
insert into order_item(vehicle_id, quantity, price, order_id) values(29, 9, 90000, 10);
insert into order_item(vehicle_id, quantity, price, order_id) values(62, 10, 120000, 8);
insert into order_item(vehicle_id, quantity, price, order_id) values(61, 8, 98000, 3);
insert into order_item(vehicle_id, quantity, price, order_id) values(46, 8, 100000, 49);
insert into order_item(vehicle_id, quantity, price, order_id) values(60, 5, 103000, 1);
insert into order_item(vehicle_id, quantity, price, order_id) values(26, 2, 87000, 26);
insert into order_item(vehicle_id, quantity, price, order_id) values(20, 4, 117000, 21);
insert into order_item(vehicle_id, quantity, price, order_id) values(8, 6, 42000, 22);
insert into order_item(vehicle_id, quantity, price, order_id) values(61, 7, 24000, 6);
insert into order_item(vehicle_id, quantity, price, order_id) values(19, 10, 79000, 39);
insert into order_item(vehicle_id, quantity, price, order_id) values(42, 5, 65000, 31);
insert into order_item(vehicle_id, quantity, price, order_id) values(8, 6, 39000, 7);
insert into order_item(vehicle_id, quantity, price, order_id) values(26, 6, 26000, 6);
insert into order_item(vehicle_id, quantity, price, order_id) values(15, 4, 82000, 57);
insert into order_item(vehicle_id, quantity, price, order_id) values(20, 3, 39000, 28);
insert into order_item(vehicle_id, quantity, price, order_id) values(44, 3, 47000, 13);
insert into order_item(vehicle_id, quantity, price, order_id) values(40, 9, 147000, 16);
insert into order_item(vehicle_id, quantity, price, order_id) values(36, 6, 94000, 53);
insert into order_item(vehicle_id, quantity, price, order_id) values(47, 2, 59000, 59);
insert into order_item(vehicle_id, quantity, price, order_id) values(52, 7, 90000, 58);
insert into order_item(vehicle_id, quantity, price, order_id) values(12, 3, 24000, 55);
insert into order_item(vehicle_id, quantity, price, order_id) values(20, 4, 13000, 47);
insert into order_item(vehicle_id, quantity, price, order_id) values(41, 9, 61000, 45);
insert into order_item(vehicle_id, quantity, price, order_id) values(28, 10, 94600, 43);
insert into order_item(vehicle_id, quantity, price, order_id) values(58, 2, 36900, 42);
insert into order_item(vehicle_id, quantity, price, order_id) values(17, 2, 8000, 40);
insert into order_item(vehicle_id, quantity, price, order_id) values(7, 7, 11000, 37);
insert into order_item(vehicle_id, quantity, price, order_id) values(48, 4, 32000, 35);
insert into order_item(vehicle_id, quantity, price, order_id) values(8, 5, 56000, 34);
insert into order_item(vehicle_id, quantity, price, order_id) values(9, 8, 132000, 32);
insert into order_item(vehicle_id, quantity, price, order_id) values(32, 3, 10600, 30);
insert into order_item(vehicle_id, quantity, price, order_id) values(6, 2, 17000, 23);
insert into order_item(vehicle_id, quantity, price, order_id) values(9, 1, 12000, 18);
insert into order_item(vehicle_id, quantity, price, order_id) values(64, 9, 9000, 17);


